IP地址,数据中心,地区,城市,网络延迟
172.64.229.148,NRT,亚太地区,东京,109 ms
104.19.50.25,SJC,北美洲,圣何塞,127 ms
104.19.37.217,SJC,北美洲,圣何塞,128 ms
104.18.60.110,SJC,北美洲,圣何塞,128 ms
104.19.85.35,SJC,北美洲,圣何塞,128 ms
104.19.11.239,SJC,北美洲,圣何塞,129 ms
104.19.13.31,SJC,北美洲,圣何塞,129 ms
104.19.51.148,SJC,北美洲,圣何塞,129 ms
104.19.91.254,SJC,北美洲,圣何塞,129 ms
104.19.35.173,SJC,北美洲,圣何塞,130 ms
104.18.51.240,SJC,北美洲,圣何塞,130 ms
104.18.59.76,SJC,北美洲,圣何塞,131 ms
104.19.114.224,SJC,北美洲,圣何塞,131 ms
104.19.24.26,SJC,北美洲,圣何塞,131 ms
104.19.108.136,SJC,北美洲,圣何塞,131 ms
104.19.7.236,SJC,北美洲,圣何塞,131 ms
104.19.127.218,SJC,北美洲,圣何塞,132 ms
104.19.102.78,SJC,北美洲,圣何塞,132 ms
141.101.120.188,SJC,北美洲,圣何塞,132 ms
104.19.103.118,SJC,北美洲,圣何塞,132 ms
104.19.52.35,SJC,北美洲,圣何塞,132 ms
104.19.93.70,SJC,北美洲,圣何塞,132 ms
104.19.39.25,SJC,北美洲,圣何塞,133 ms
104.19.92.25,SJC,北美洲,圣何塞,133 ms
104.19.67.211,SJC,北美洲,圣何塞,133 ms
104.19.28.88,SJC,北美洲,圣何塞,134 ms
104.19.119.91,SJC,北美洲,圣何塞,135 ms
104.19.120.81,SJC,北美洲,圣何塞,137 ms
104.16.125.97,LAX,北美洲,洛杉矶,138 ms
104.19.254.215,LAX,北美洲,洛杉矶,138 ms
104.16.114.245,LAX,北美洲,洛杉矶,138 ms
104.19.60.240,SJC,北美洲,圣何塞,139 ms
104.18.177.207,SJC,北美洲,圣何塞,139 ms
104.18.24.19,LAX,北美洲,洛杉矶,139 ms
104.19.99.75,SJC,北美洲,圣何塞,140 ms
104.19.252.111,LAX,北美洲,洛杉矶,140 ms
141.101.123.29,SJC,北美洲,圣何塞,140 ms
104.18.50.215,SJC,北美洲,圣何塞,140 ms
104.19.62.1,SJC,北美洲,圣何塞,141 ms
104.18.57.35,SJC,北美洲,圣何塞,141 ms
104.19.33.40,SJC,北美洲,圣何塞,142 ms
104.18.63.2,SJC,北美洲,圣何塞,142 ms
104.17.85.110,SJC,北美洲,圣何塞,142 ms
104.19.44.115,SJC,北美洲,圣何塞,142 ms
104.18.16.137,LAX,北美洲,洛杉矶,142 ms
104.17.33.244,SJC,北美洲,圣何塞,142 ms
104.19.116.3,SJC,北美洲,圣何塞,143 ms
104.17.11.173,SJC,北美洲,圣何塞,143 ms
104.16.240.222,SJC,北美洲,圣何塞,143 ms
104.19.121.177,SJC,北美洲,圣何塞,144 ms
104.18.157.70,SJC,北美洲,圣何塞,144 ms
104.18.126.155,LAX,北美洲,洛杉矶,145 ms
104.19.79.219,SJC,北美洲,圣何塞,145 ms
104.18.120.120,LAX,北美洲,洛杉矶,145 ms
104.19.97.165,SJC,北美洲,圣何塞,145 ms
104.18.118.220,LAX,北美洲,洛杉矶,145 ms
104.19.241.116,LAX,北美洲,洛杉矶,146 ms
104.18.28.243,LAX,北美洲,洛杉矶,146 ms
104.19.3.103,SJC,北美洲,圣何塞,146 ms
104.19.251.31,LAX,北美洲,洛杉矶,146 ms
104.19.47.11,SJC,北美洲,圣何塞,146 ms
104.19.82.194,SJC,北美洲,圣何塞,146 ms
104.19.19.187,SJC,北美洲,圣何塞,146 ms
104.19.56.50,SJC,北美洲,圣何塞,146 ms
104.16.122.216,LAX,北美洲,洛杉矶,146 ms
104.19.105.173,SJC,北美洲,圣何塞,146 ms
104.19.21.170,SJC,北美洲,圣何塞,146 ms
104.19.57.69,SJC,北美洲,圣何塞,146 ms
104.19.23.45,SJC,北美洲,圣何塞,147 ms
104.19.63.165,SJC,北美洲,圣何塞,147 ms
104.19.78.131,SJC,北美洲,圣何塞,147 ms
104.19.126.182,SJC,北美洲,圣何塞,147 ms
104.18.30.251,LAX,北美洲,洛杉矶,147 ms
104.16.113.35,LAX,北美洲,洛杉矶,147 ms
104.19.70.120,SJC,北美洲,圣何塞,147 ms
104.18.52.222,SJC,北美洲,圣何塞,147 ms
104.19.250.216,LAX,北美洲,洛杉矶,147 ms
104.19.117.225,SJC,北美洲,圣何塞,147 ms
104.19.86.162,SJC,北美洲,圣何塞,147 ms
104.19.31.112,SJC,北美洲,圣何塞,147 ms
104.19.115.182,SJC,北美洲,圣何塞,148 ms
104.19.81.229,SJC,北美洲,圣何塞,148 ms
104.19.14.129,SJC,北美洲,圣何塞,148 ms
104.19.36.44,SJC,北美洲,圣何塞,148 ms
104.19.73.134,SJC,北美洲,圣何塞,148 ms
104.19.246.243,LAX,北美洲,洛杉矶,148 ms
104.19.107.153,SJC,北美洲,圣何塞,148 ms
104.19.40.168,SJC,北美洲,圣何塞,148 ms
104.19.46.139,SJC,北美洲,圣何塞,148 ms
104.19.54.109,SJC,北美洲,圣何塞,148 ms
173.245.49.43,SJC,北美洲,圣何塞,148 ms
104.19.32.189,SJC,北美洲,圣何塞,148 ms
104.19.48.130,SJC,北美洲,圣何塞,148 ms
104.18.114.38,LAX,北美洲,洛杉矶,149 ms
104.19.124.156,SJC,北美洲,圣何塞,149 ms
104.18.18.67,LAX,北美洲,洛杉矶,149 ms
104.19.83.254,SJC,北美洲,圣何塞,149 ms
104.16.124.40,LAX,北美洲,洛杉矶,149 ms
104.19.38.213,SJC,北美洲,圣何塞,149 ms
162.159.253.40,LAX,北美洲,洛杉矶,149 ms
104.19.69.231,SJC,北美洲,圣何塞,149 ms
104.19.71.147,SJC,北美洲,圣何塞,149 ms
1.0.0.193,SJC,北美洲,圣何塞,149 ms
104.19.10.115,SJC,北美洲,圣何塞,150 ms
104.19.76.15,SJC,北美洲,圣何塞,150 ms
104.21.233.107,LAX,北美洲,洛杉矶,150 ms
104.18.122.74,LAX,北美洲,洛杉矶,150 ms
104.19.4.157,SJC,北美洲,圣何塞,150 ms
104.18.31.149,LAX,北美洲,洛杉矶,150 ms
104.19.45.148,SJC,北美洲,圣何塞,150 ms
198.41.216.175,SJC,北美洲,圣何塞,150 ms
104.18.36.207,LAX,北美洲,洛杉矶,150 ms
104.19.55.251,SJC,北美洲,圣何塞,150 ms
104.19.30.106,SJC,北美洲,圣何塞,150 ms
104.18.56.218,SJC,北美洲,圣何塞,151 ms
104.19.88.117,SJC,北美洲,圣何塞,151 ms
104.19.87.95,SJC,北美洲,圣何塞,151 ms
104.19.253.137,LAX,北美洲,洛杉矶,151 ms
104.16.117.20,LAX,北美洲,洛杉矶,151 ms
104.19.17.3,SJC,北美洲,圣何塞,152 ms
104.18.21.112,LAX,北美洲,洛杉矶,152 ms
104.18.20.245,LAX,北美洲,洛杉矶,152 ms
104.19.72.233,SJC,北美洲,圣何塞,152 ms
104.19.74.164,SJC,北美洲,圣何塞,152 ms
104.19.26.142,SJC,北美洲,圣何塞,152 ms
104.17.141.35,HKG,亚太地区,香港,152 ms
104.18.125.96,LAX,北美洲,洛杉矶,153 ms
104.19.140.4,LAX,北美洲,洛杉矶,153 ms
104.19.53.135,SJC,北美洲,圣何塞,153 ms
104.19.29.181,SJC,北美洲,圣何塞,153 ms
104.19.123.81,SJC,北美洲,圣何塞,154 ms
104.19.243.108,LAX,北美洲,洛杉矶,154 ms
104.19.84.88,SJC,北美洲,圣何塞,154 ms
104.18.117.69,LAX,北美洲,洛杉矶,154 ms
141.101.122.205,SJC,北美洲,圣何塞,154 ms
104.16.32.237,HKG,亚太地区,香港,154 ms
104.19.244.53,LAX,北美洲,洛杉矶,154 ms
104.16.212.222,HKG,亚太地区,香港,155 ms
104.16.33.209,HKG,亚太地区,香港,155 ms
104.18.22.100,LAX,北美洲,洛杉矶,155 ms
104.19.0.41,SJC,北美洲,圣何塞,155 ms
104.16.112.158,LAX,北美洲,洛杉矶,155 ms
104.18.124.50,LAX,北美洲,洛杉矶,155 ms
104.17.65.29,HKG,亚太地区,香港,156 ms
104.19.125.72,SJC,北美洲,圣何塞,156 ms
104.18.19.3,LAX,北美洲,洛杉矶,156 ms
104.16.208.16,HKG,亚太地区,香港,156 ms
104.18.25.254,LAX,北美洲,洛杉矶,156 ms
104.17.74.56,HKG,亚太地区,香港,156 ms
104.19.75.62,SJC,北美洲,圣何塞,156 ms
104.19.64.146,SJC,北美洲,圣何塞,156 ms
104.19.8.54,SJC,北美洲,圣何塞,156 ms
104.17.64.142,HKG,亚太地区,香港,156 ms
104.19.249.3,LAX,北美洲,洛杉矶,157 ms
104.19.240.168,LAX,北美洲,洛杉矶,157 ms
104.17.69.243,HKG,亚太地区,香港,157 ms
104.19.137.90,LAX,北美洲,洛杉矶,157 ms
104.19.16.192,SJC,北美洲,圣何塞,157 ms
104.17.0.196,SJC,北美洲,圣何塞,157 ms
104.21.236.45,LAX,北美洲,洛杉矶,158 ms
104.16.214.183,HKG,亚太地区,香港,158 ms
104.19.5.121,SJC,北美洲,圣何塞,158 ms
104.19.25.191,SJC,北美洲,圣何塞,158 ms
104.16.38.116,HKG,亚太地区,香港,158 ms
104.18.49.38,SJC,北美洲,圣何塞,158 ms
104.19.77.197,SJC,北美洲,圣何塞,158 ms
104.16.115.171,LAX,北美洲,洛杉矶,158 ms
104.19.110.60,SJC,北美洲,圣何塞,158 ms
104.17.68.239,HKG,亚太地区,香港,158 ms
104.18.119.42,LAX,北美洲,洛杉矶,159 ms
104.17.18.143,SJC,北美洲,圣何塞,159 ms
172.67.45.178,HKG,亚太地区,香港,159 ms
104.16.119.220,LAX,北美洲,洛杉矶,160 ms
104.16.120.158,LAX,北美洲,洛杉矶,160 ms
104.19.90.102,SJC,北美洲,圣何塞,160 ms
104.17.59.12,SJC,北美洲,圣何塞,160 ms
104.17.72.135,HKG,亚太地区,香港,160 ms
104.16.118.56,LAX,北美洲,洛杉矶,160 ms
162.159.39.112,LAX,北美洲,洛杉矶,160 ms
104.19.95.175,SJC,北美洲,圣何塞,160 ms
104.19.89.111,SJC,北美洲,圣何塞,160 ms
104.16.167.59,SJC,北美洲,圣何塞,160 ms
104.21.237.126,LAX,北美洲,洛杉矶,160 ms
104.19.12.42,SJC,北美洲,圣何塞,160 ms
104.19.98.75,SJC,北美洲,圣何塞,161 ms
104.19.96.158,SJC,北美洲,圣何塞,161 ms
104.19.255.159,LAX,北美洲,洛杉矶,161 ms
104.18.54.190,SJC,北美洲,圣何塞,161 ms
104.17.129.162,HKG,亚太地区,香港,161 ms
104.19.245.28,LAX,北美洲,洛杉矶,161 ms
104.22.54.148,HKG,亚太地区,香港,161 ms
104.18.48.128,SJC,北美洲,圣何塞,162 ms
104.19.122.181,SJC,北美洲,圣何塞,162 ms
104.19.80.191,SJC,北美洲,圣何塞,162 ms
104.19.138.121,LAX,北美洲,洛杉矶,162 ms
104.17.79.195,HKG,亚太地区,香港,162 ms
104.19.113.36,SJC,北美洲,圣何塞,162 ms
104.16.40.77,HKG,亚太地区,香港,162 ms
104.19.18.32,SJC,北美洲,圣何塞,162 ms
104.19.118.100,SJC,北美洲,圣何塞,162 ms
104.18.113.113,LAX,北美洲,洛杉矶,162 ms
104.17.78.85,HKG,亚太地区,香港,163 ms
104.17.143.50,HKG,亚太地区,香港,163 ms
104.16.36.155,HKG,亚太地区,香港,163 ms
141.101.121.100,SJC,北美洲,圣何塞,163 ms
104.19.59.232,SJC,北美洲,圣何塞,163 ms
104.18.17.113,LAX,北美洲,洛杉矶,164 ms
104.22.18.5,HKG,亚太地区,香港,164 ms
104.16.209.237,HKG,亚太地区,香港,164 ms
104.19.2.46,SJC,北美洲,圣何塞,164 ms
104.19.22.175,SJC,北美洲,圣何塞,164 ms
104.16.126.41,LAX,北美洲,洛杉矶,164 ms
104.19.68.13,SJC,北美洲,圣何塞,165 ms
104.19.101.206,SJC,北美洲,圣何塞,165 ms
104.16.41.135,HKG,亚太地区,香港,165 ms
104.18.61.114,SJC,北美洲,圣何塞,165 ms
104.19.58.250,SJC,北美洲,圣何塞,165 ms
104.18.58.87,SJC,北美洲,圣何塞,165 ms
104.17.67.159,HKG,亚太地区,香港,165 ms
104.16.221.29,HKG,亚太地区,香港,165 ms
104.19.65.128,SJC,北美洲,圣何塞,165 ms
104.19.142.86,LAX,北美洲,洛杉矶,165 ms
1.1.1.179,SJC,北美洲,圣何塞,165 ms
104.19.6.145,SJC,北美洲,圣何塞,165 ms
104.19.111.69,SJC,北美洲,圣何塞,165 ms
104.22.22.46,HKG,亚太地区,香港,165 ms
104.19.100.79,SJC,北美洲,圣何塞,166 ms
104.16.45.99,HKG,亚太地区,香港,166 ms
172.67.28.21,HKG,亚太地区,香港,166 ms
104.16.223.102,HKG,亚太地区,香港,166 ms
104.16.210.170,HKG,亚太地区,香港,166 ms
104.16.42.35,HKG,亚太地区,香港,166 ms
104.19.49.239,SJC,北美洲,圣何塞,166 ms
104.21.230.128,LAX,北美洲,洛杉矶,166 ms
104.17.133.83,HKG,亚太地区,香港,167 ms
104.18.23.245,LAX,北美洲,洛杉矶,167 ms
104.19.106.10,SJC,北美洲,圣何塞,167 ms
104.22.28.152,HKG,亚太地区,香港,167 ms
104.21.74.173,LHR,欧洲,伦敦,167 ms
104.18.34.181,HKG,亚太地区,香港,167 ms
104.21.34.216,LHR,欧洲,伦敦,167 ms
104.18.55.240,SJC,北美洲,圣何塞,167 ms
162.159.247.242,LAX,北美洲,洛杉矶,167 ms
104.19.66.105,SJC,北美洲,圣何塞,167 ms
104.19.1.106,SJC,北美洲,圣何塞,167 ms
172.67.38.232,HKG,亚太地区,香港,167 ms
104.19.94.107,SJC,北美洲,圣何塞,167 ms
104.16.253.65,SJC,北美洲,圣何塞,167 ms
104.21.239.84,LAX,北美洲,洛杉矶,168 ms
104.21.43.191,LHR,欧洲,伦敦,168 ms
104.16.44.181,HKG,亚太地区,香港,168 ms
104.21.234.117,LAX,北美洲,洛杉矶,168 ms
104.17.136.187,HKG,亚太地区,香港,168 ms
104.21.59.171,LHR,欧洲,伦敦,168 ms
104.21.23.187,LHR,欧洲,伦敦,168 ms
104.19.104.253,SJC,北美洲,圣何塞,168 ms
104.19.112.173,SJC,北美洲,圣何塞,168 ms
104.21.44.199,LHR,欧洲,伦敦,168 ms
104.19.41.105,SJC,北美洲,圣何塞,169 ms
104.17.75.192,HKG,亚太地区,香港,169 ms
104.21.33.76,LHR,欧洲,伦敦,169 ms
104.22.21.138,HKG,亚太地区,香港,169 ms
104.16.34.241,HKG,亚太地区,香港,169 ms
104.18.27.251,LAX,北美洲,洛杉矶,169 ms
104.21.46.73,LHR,欧洲,伦敦,169 ms
172.67.206.217,LHR,欧洲,伦敦,169 ms
104.16.144.127,SJC,北美洲,圣何塞,169 ms
104.18.62.252,SJC,北美洲,圣何塞,169 ms
172.67.34.164,HKG,亚太地区,香港,169 ms
104.17.76.248,HKG,亚太地区,香港,169 ms
104.21.30.160,LHR,欧洲,伦敦,169 ms
104.17.166.231,SJC,北美洲,圣何塞,170 ms
104.17.128.62,HKG,亚太地区,香港,170 ms
104.17.130.225,HKG,亚太地区,香港,170 ms
104.22.60.77,HKG,亚太地区,香港,170 ms
104.22.58.237,HKG,亚太地区,香港,170 ms
104.19.109.141,SJC,北美洲,圣何塞,170 ms
104.17.138.106,HKG,亚太地区,香港,170 ms
104.17.66.197,HKG,亚太地区,香港,170 ms
104.18.112.27,LAX,北美洲,洛杉矶,170 ms
104.21.48.18,LHR,欧洲,伦敦,170 ms
104.19.15.28,SJC,北美洲,圣何塞,170 ms
172.67.162.217,LHR,欧洲,伦敦,170 ms
104.18.41.145,HKG,亚太地区,香港,170 ms
162.159.38.113,LAX,北美洲,洛杉矶,170 ms
104.22.59.108,HKG,亚太地区,香港,170 ms
104.21.207.58,LHR,欧洲,伦敦,170 ms
104.21.106.163,LHR,欧洲,伦敦,170 ms
172.67.197.53,LHR,欧洲,伦敦,170 ms
104.21.52.131,LHR,欧洲,伦敦,171 ms
104.21.53.90,LHR,欧洲,伦敦,171 ms
104.16.35.222,HKG,亚太地区,香港,171 ms
104.21.6.158,LHR,欧洲,伦敦,171 ms
104.19.27.188,SJC,北美洲,圣何塞,171 ms
104.21.14.54,LHR,欧洲,伦敦,171 ms
104.19.20.166,SJC,北美洲,圣何塞,171 ms
104.22.51.69,HKG,亚太地区,香港,171 ms
104.17.131.228,HKG,亚太地区,香港,171 ms
104.16.163.72,SJC,北美洲,圣何塞,171 ms
45.142.120.215,SJC,北美洲,圣何塞,171 ms
104.21.72.77,LHR,欧洲,伦敦,172 ms
172.64.154.97,HKG,亚太地区,香港,172 ms
172.67.23.246,HKG,亚太地区,香港,172 ms
104.21.95.88,LHR,欧洲,伦敦,172 ms
172.67.203.25,LHR,欧洲,伦敦,172 ms
104.21.213.153,LHR,欧洲,伦敦,172 ms
104.21.90.182,LHR,欧洲,伦敦,172 ms
172.67.26.157,HKG,亚太地区,香港,172 ms
104.16.216.240,HKG,亚太地区,香港,173 ms
104.21.111.29,LHR,欧洲,伦敦,173 ms
104.16.39.232,HKG,亚太地区,香港,173 ms
172.67.202.113,LHR,欧洲,伦敦,173 ms
162.159.243.36,LAX,北美洲,洛杉矶,173 ms
104.22.20.13,HKG,亚太地区,香港,173 ms
104.18.26.38,LAX,北美洲,洛杉矶,173 ms
104.21.58.90,LHR,欧洲,伦敦,174 ms
104.16.43.180,HKG,亚太地区,香港,174 ms
104.21.94.69,LHR,欧洲,伦敦,174 ms
104.18.127.0,LAX,北美洲,洛杉矶,174 ms
104.21.227.201,LAX,北美洲,洛杉矶,175 ms
172.64.153.137,HKG,亚太地区,香港,175 ms
104.16.235.129,SJC,北美洲,圣何塞,175 ms
104.17.70.113,HKG,亚太地区,香港,175 ms
172.67.33.12,HKG,亚太地区,香港,175 ms
104.21.93.162,LHR,欧洲,伦敦,175 ms
104.22.48.40,HKG,亚太地区,香港,176 ms
172.67.154.20,LHR,欧洲,伦敦,176 ms
104.22.19.210,HKG,亚太地区,香港,176 ms
172.67.39.90,HKG,亚太地区,香港,176 ms
104.16.219.105,HKG,亚太地区,香港,177 ms
104.18.173.69,SJC,北美洲,圣何塞,177 ms
172.67.18.244,HKG,亚太地区,香港,177 ms
104.16.222.160,HKG,亚太地区,香港,178 ms
104.19.43.55,SJC,北美洲,圣何塞,178 ms
172.67.17.65,HKG,亚太地区,香港,178 ms
162.159.255.224,LAX,北美洲,洛杉矶,178 ms
104.17.142.219,HKG,亚太地区,香港,178 ms
104.17.73.70,HKG,亚太地区,香港,178 ms
104.22.53.160,HKG,亚太地区,香港,178 ms
104.22.52.77,HKG,亚太地区,香港,178 ms
104.21.45.215,LHR,欧洲,伦敦,178 ms
104.22.26.118,HKG,亚太地区,香港,178 ms
104.22.63.75,HKG,亚太地区,香港,179 ms
104.21.110.232,LHR,欧洲,伦敦,179 ms
104.22.24.55,HKG,亚太地区,香港,179 ms
104.21.57.26,LHR,欧洲,伦敦,179 ms
104.22.30.45,HKG,亚太地区,香港,179 ms
104.19.9.221,SJC,北美洲,圣何塞,179 ms
104.22.56.115,HKG,亚太地区,香港,180 ms
104.22.55.107,HKG,亚太地区,香港,180 ms
104.21.84.129,LHR,欧洲,伦敦,180 ms
162.159.251.16,LAX,北美洲,洛杉矶,180 ms
104.18.29.190,LAX,北美洲,洛杉矶,181 ms
104.17.77.135,HKG,亚太地区,香港,181 ms
104.16.220.122,HKG,亚太地区,香港,181 ms
104.21.201.228,LHR,欧洲,伦敦,181 ms
104.16.46.93,HKG,亚太地区,香港,181 ms
104.17.134.29,HKG,亚太地区,香港,181 ms
104.21.88.96,LHR,欧洲,伦敦,181 ms
104.21.16.110,LHR,欧洲,伦敦,181 ms
104.17.71.198,HKG,亚太地区,香港,181 ms
104.22.27.3,HKG,亚太地区,香港,182 ms
172.67.24.175,HKG,亚太地区,香港,182 ms
104.17.140.102,HKG,亚太地区,香港,182 ms
172.67.246.55,LHR,欧洲,伦敦,183 ms
104.16.211.172,HKG,亚太地区,香港,183 ms
172.67.130.133,LHR,欧洲,伦敦,183 ms
104.22.62.11,HKG,亚太地区,香港,183 ms
172.67.44.87,HKG,亚太地区,香港,183 ms
104.17.132.104,HKG,亚太地区,香港,183 ms
172.67.137.111,LHR,欧洲,伦敦,184 ms
104.16.218.110,HKG,亚太地区,香港,184 ms
104.16.217.25,HKG,亚太地区,香港,184 ms
172.67.153.147,LHR,欧洲,伦敦,184 ms
104.16.37.12,HKG,亚太地区,香港,184 ms
104.16.47.23,HKG,亚太地区,香港,184 ms
172.67.47.1,HKG,亚太地区,香港,184 ms
104.22.23.69,HKG,亚太地区,香港,185 ms
104.17.95.234,SJC,北美洲,圣何塞,185 ms
172.67.22.41,HKG,亚太地区,香港,185 ms
104.22.29.148,HKG,亚太地区,香港,186 ms
172.67.42.30,HKG,亚太地区,香港,186 ms
104.21.27.114,LHR,欧洲,伦敦,186 ms
172.67.218.190,LHR,欧洲,伦敦,187 ms
104.22.57.101,HKG,亚太地区,香港,188 ms
172.67.244.9,LHR,欧洲,伦敦,188 ms
104.18.9.187,SJC,北美洲,圣何塞,188 ms
104.16.213.241,HKG,亚太地区,香港,188 ms
104.18.170.75,SJC,北美洲,圣何塞,188 ms
172.67.21.176,HKG,亚太地区,香港,189 ms
172.67.27.134,HKG,亚太地区,香港,189 ms
1.1.1.107,SJC,北美洲,圣何塞,189 ms
172.67.36.96,HKG,亚太地区,香港,189 ms
172.67.37.113,HKG,亚太地区,香港,189 ms
172.67.35.129,HKG,亚太地区,香港,189 ms
104.17.153.119,SJC,北美洲,圣何塞,190 ms
104.16.215.238,HKG,亚太地区,香港,190 ms
104.18.121.200,LAX,北美洲,洛杉矶,191 ms
104.17.52.113,SJC,北美洲,圣何塞,191 ms
104.22.50.46,HKG,亚太地区,香港,191 ms
104.21.12.100,LHR,欧洲,伦敦,192 ms
104.21.24.42,LHR,欧洲,伦敦,192 ms
104.21.199.72,LHR,欧洲,伦敦,193 ms
104.21.4.185,LHR,欧洲,伦敦,193 ms
104.22.31.4,HKG,亚太地区,香港,193 ms
104.21.26.18,LHR,欧洲,伦敦,193 ms
104.21.40.250,LHR,欧洲,伦敦,193 ms
104.21.37.22,LHR,欧洲,伦敦,193 ms
104.17.137.220,HKG,亚太地区,香港,193 ms
172.67.31.115,HKG,亚太地区,香港,193 ms
104.21.212.117,LHR,欧洲,伦敦,194 ms
104.21.217.210,LHR,欧洲,伦敦,194 ms
104.21.89.160,LHR,欧洲,伦敦,194 ms
104.21.76.221,LHR,欧洲,伦敦,194 ms
104.21.51.190,LHR,欧洲,伦敦,194 ms
104.21.36.149,LHR,欧洲,伦敦,194 ms
104.21.10.65,LHR,欧洲,伦敦,194 ms
104.21.92.0,LHR,欧洲,伦敦,194 ms
172.67.247.80,LHR,欧洲,伦敦,195 ms
104.21.0.191,LHR,欧洲,伦敦,195 ms
104.21.41.244,LHR,欧洲,伦敦,195 ms
104.23.141.108,IAD,北美洲,阿什本,195 ms
172.67.198.190,LHR,欧洲,伦敦,195 ms
104.21.83.232,LHR,欧洲,伦敦,195 ms
172.67.180.63,LHR,欧洲,伦敦,195 ms
172.67.19.75,HKG,亚太地区,香港,195 ms
1.0.0.48,SJC,北美洲,圣何塞,195 ms
104.21.55.122,LHR,欧洲,伦敦,195 ms
172.67.191.102,LHR,欧洲,伦敦,195 ms
104.21.118.106,LHR,欧洲,伦敦,195 ms
104.21.71.41,LHR,欧洲,伦敦,195 ms
104.21.208.194,LHR,欧洲,伦敦,195 ms
104.21.13.205,LHR,欧洲,伦敦,195 ms
104.21.104.27,LHR,欧洲,伦敦,195 ms
104.21.22.93,LHR,欧洲,伦敦,195 ms
104.21.200.14,LHR,欧洲,伦敦,195 ms
172.67.194.199,LHR,欧洲,伦敦,195 ms
104.21.215.150,LHR,欧洲,伦敦,195 ms
172.67.237.54,LHR,欧洲,伦敦,195 ms
104.23.140.91,IAD,北美洲,阿什本,195 ms
172.67.190.7,LHR,欧洲,伦敦,196 ms
104.21.101.187,LHR,欧洲,伦敦,196 ms
104.21.77.227,LHR,欧洲,伦敦,196 ms
172.67.151.166,LHR,欧洲,伦敦,196 ms
1.0.0.241,SJC,北美洲,圣何塞,196 ms
104.21.64.150,LHR,欧洲,伦敦,196 ms
104.21.68.228,LHR,欧洲,伦敦,196 ms
104.21.61.51,LHR,欧洲,伦敦,196 ms
104.21.210.57,LHR,欧洲,伦敦,196 ms
172.67.30.188,HKG,亚太地区,香港,197 ms
172.67.224.237,LHR,欧洲,伦敦,197 ms
104.21.38.152,LHR,欧洲,伦敦,197 ms
172.67.128.156,LHR,欧洲,伦敦,197 ms
104.21.119.50,LHR,欧洲,伦敦,197 ms
104.21.79.17,LHR,欧洲,伦敦,197 ms
172.67.145.170,LHR,欧洲,伦敦,197 ms
188.114.99.132,LHR,欧洲,伦敦,198 ms
172.67.156.250,LHR,欧洲,伦敦,198 ms
104.27.195.22,IAD,北美洲,阿什本,198 ms
104.22.25.132,HKG,亚太地区,香港,198 ms
104.21.86.156,LHR,欧洲,伦敦,198 ms
172.64.108.201,BUF,北美洲,水牛城,198 ms
172.67.226.129,LHR,欧洲,伦敦,198 ms
172.67.20.79,HKG,亚太地区,香港,199 ms
104.21.31.244,LHR,欧洲,伦敦,199 ms
104.17.170.195,SJC,北美洲,圣何塞,200 ms
172.67.142.139,LHR,欧洲,伦敦,200 ms
172.67.230.153,LHR,欧洲,伦敦,200 ms
172.67.231.112,LHR,欧洲,伦敦,200 ms
104.21.62.206,LHR,欧洲,伦敦,200 ms
172.67.223.63,LHR,欧洲,伦敦,200 ms
172.67.220.252,LHR,欧洲,伦敦,200 ms
104.17.139.1,HKG,亚太地区,香港,200 ms
172.67.161.55,LHR,欧洲,伦敦,200 ms
104.21.127.126,LHR,欧洲,伦敦,200 ms
172.64.78.252,EWR,北美洲,纽瓦克,200 ms
104.21.63.129,LHR,欧洲,伦敦,200 ms
172.67.147.61,LHR,欧洲,伦敦,200 ms
1.0.0.206,SJC,北美洲,圣何塞,200 ms
1.0.0.122,SJC,北美洲,圣何塞,200 ms
104.27.198.111,IAD,北美洲,阿什本,201 ms
172.64.206.87,BUF,北美洲,水牛城,201 ms
104.27.205.184,IAD,北美洲,阿什本,201 ms
172.67.208.25,LHR,欧洲,伦敦,201 ms
172.67.207.16,LHR,欧洲,伦敦,201 ms
172.64.193.83,BUF,北美洲,水牛城,201 ms
172.67.255.139,LHR,欧洲,伦敦,201 ms
104.22.16.251,HKG,亚太地区,香港,202 ms
172.67.46.250,HKG,亚太地区,香港,202 ms
172.67.228.220,LHR,欧洲,伦敦,202 ms
172.64.135.216,BUF,北美洲,水牛城,202 ms
172.67.219.18,LHR,欧洲,伦敦,202 ms
104.21.105.193,LHR,欧洲,伦敦,202 ms
172.67.200.243,LHR,欧洲,伦敦,202 ms
104.21.18.187,LHR,欧洲,伦敦,202 ms
104.22.49.129,HKG,亚太地区,香港,202 ms
172.67.192.137,LHR,欧洲,伦敦,202 ms
104.17.56.127,SJC,北美洲,圣何塞,203 ms
172.64.134.25,BUF,北美洲,水牛城,204 ms
104.21.70.66,LHR,欧洲,伦敦,204 ms
104.21.209.9,LHR,欧洲,伦敦,205 ms
104.21.218.82,LHR,欧洲,伦敦,205 ms
104.23.131.80,IAD,北美洲,阿什本,205 ms
172.67.233.26,LHR,欧洲,伦敦,205 ms
104.16.232.212,SJC,北美洲,圣何塞,205 ms
104.21.121.169,LHR,欧洲,伦敦,205 ms
104.21.11.220,LHR,欧洲,伦敦,205 ms
104.27.197.171,IAD,北美洲,阿什本,205 ms
104.17.58.206,SJC,北美洲,圣何塞,205 ms
1.0.0.131,SJC,北美洲,圣何塞,205 ms
104.23.139.227,IAD,北美洲,阿什本,206 ms
104.21.107.55,LHR,欧洲,伦敦,206 ms
172.67.243.189,LHR,欧洲,伦敦,206 ms
104.21.204.9,LHR,欧洲,伦敦,206 ms
104.24.31.238,IAD,北美洲,阿什本,206 ms
162.159.35.34,IAD,北美洲,阿什本,206 ms
162.159.34.64,IAD,北美洲,阿什本,206 ms
1.0.0.112,SJC,北美洲,圣何塞,206 ms
104.21.78.130,LHR,欧洲,伦敦,206 ms
172.67.205.241,LHR,欧洲,伦敦,206 ms
172.67.40.46,HKG,亚太地区,香港,207 ms
172.67.189.188,LHR,欧洲,伦敦,207 ms
172.67.25.32,HKG,亚太地区,香港,207 ms
104.23.138.100,IAD,北美洲,阿什本,208 ms
1.0.0.223,SJC,北美洲,圣何塞,208 ms
172.67.235.134,LHR,欧洲,伦敦,208 ms
172.64.100.112,BUF,北美洲,水牛城,208 ms
1.1.1.218,SJC,北美洲,圣何塞,209 ms
1.1.1.117,SJC,北美洲,圣何塞,209 ms
172.67.29.103,HKG,亚太地区,香港,209 ms
172.64.98.120,BUF,北美洲,水牛城,209 ms
1.0.0.225,SJC,北美洲,圣何塞,210 ms
172.65.55.105,LHR,欧洲,伦敦,210 ms
172.67.168.29,LHR,欧洲,伦敦,210 ms
172.67.132.95,LHR,欧洲,伦敦,210 ms
104.23.132.157,IAD,北美洲,阿什本,210 ms
104.17.38.187,SJC,北美洲,圣何塞,210 ms
172.64.99.167,BUF,北美洲,水牛城,210 ms
172.64.201.137,BUF,北美洲,水牛城,210 ms
104.23.142.34,IAD,北美洲,阿什本,211 ms
172.64.130.40,BUF,北美洲,水牛城,211 ms
172.67.234.116,LHR,欧洲,伦敦,211 ms
104.27.204.13,IAD,北美洲,阿什本,211 ms
172.64.138.26,BUF,北美洲,水牛城,212 ms
172.64.139.72,BUF,北美洲,水牛城,212 ms
172.64.168.12,BUF,北美洲,水牛城,212 ms
162.159.42.139,IAD,北美洲,阿什本,212 ms
104.23.136.98,IAD,北美洲,阿什本,212 ms
172.64.172.216,BUF,北美洲,水牛城,212 ms
172.67.149.12,LHR,欧洲,伦敦,213 ms
172.64.141.113,BUF,北美洲,水牛城,213 ms
162.159.43.49,IAD,北美洲,阿什本,213 ms
104.24.196.132,IAD,北美洲,阿什本,213 ms
104.21.99.255,LHR,欧洲,伦敦,214 ms
172.64.107.201,BUF,北美洲,水牛城,214 ms
172.64.171.255,BUF,北美洲,水牛城,214 ms
104.23.135.175,IAD,北美洲,阿什本,214 ms
172.64.146.12,HKG,亚太地区,香港,214 ms
172.64.161.248,BUF,北美洲,水牛城,215 ms
172.64.106.37,BUF,北美洲,水牛城,215 ms
172.64.195.243,BUF,北美洲,水牛城,215 ms
172.64.194.73,BUF,北美洲,水牛城,215 ms
1.0.0.5,SJC,北美洲,圣何塞,216 ms
104.27.202.239,IAD,北美洲,阿什本,216 ms
104.27.201.26,IAD,北美洲,阿什本,216 ms
198.41.212.110,IAD,北美洲,阿什本,216 ms
104.23.128.53,IAD,北美洲,阿什本,217 ms
104.21.202.12,LHR,欧洲,伦敦,217 ms
104.18.123.17,LAX,北美洲,洛杉矶,217 ms
104.19.133.146,LAX,北美洲,洛杉矶,217 ms
172.67.146.149,LHR,欧洲,伦敦,217 ms
104.23.130.253,IAD,北美洲,阿什本,217 ms
172.64.192.32,BUF,北美洲,水牛城,217 ms
104.23.143.33,IAD,北美洲,阿什本,217 ms
172.64.169.150,BUF,北美洲,水牛城,217 ms
104.23.129.203,IAD,北美洲,阿什本,218 ms
104.19.248.176,LAX,北美洲,洛杉矶,218 ms
162.159.134.48,SJC,北美洲,圣何塞,218 ms
104.27.196.148,IAD,北美洲,阿什本,218 ms
172.64.202.153,BUF,北美洲,水牛城,218 ms
104.21.73.185,LHR,欧洲,伦敦,218 ms
172.67.158.224,LHR,欧洲,伦敦,218 ms
104.21.91.33,LHR,欧洲,伦敦,219 ms
104.21.125.242,LHR,欧洲,伦敦,219 ms
104.21.60.26,LHR,欧洲,伦敦,219 ms
172.67.152.77,LHR,欧洲,伦敦,219 ms
1.0.0.204,SJC,北美洲,圣何塞,219 ms
172.67.212.35,LHR,欧洲,伦敦,219 ms
172.64.165.166,BUF,北美洲,水牛城,219 ms
156.238.19.98,SJC,北美洲,圣何塞,220 ms
104.18.116.215,LAX,北美洲,洛杉矶,220 ms
104.23.134.38,IAD,北美洲,阿什本,220 ms
172.64.200.45,BUF,北美洲,水牛城,220 ms
104.21.211.187,LHR,欧洲,伦敦,220 ms
172.67.178.175,LHR,欧洲,伦敦,220 ms
104.23.137.188,IAD,北美洲,阿什本,220 ms
104.21.42.154,LHR,欧洲,伦敦,220 ms
104.21.120.171,LHR,欧洲,伦敦,221 ms
172.67.249.163,LHR,欧洲,伦敦,221 ms
104.21.108.40,LHR,欧洲,伦敦,221 ms
104.27.194.53,IAD,北美洲,阿什本,221 ms
172.64.128.226,BUF,北美洲,水牛城,221 ms
104.21.65.8,LHR,欧洲,伦敦,221 ms
104.21.205.121,LHR,欧洲,伦敦,221 ms
188.114.97.4,LHR,欧洲,伦敦,221 ms
104.21.47.82,LHR,欧洲,伦敦,222 ms
172.67.41.204,HKG,亚太地区,香港,222 ms
104.21.35.75,LHR,欧洲,伦敦,222 ms
104.21.109.63,LHR,欧洲,伦敦,222 ms
162.159.254.229,LAX,北美洲,洛杉矶,222 ms
172.67.134.106,LHR,欧洲,伦敦,222 ms
104.21.69.16,LHR,欧洲,伦敦,222 ms
172.67.221.33,LHR,欧洲,伦敦,222 ms
172.67.183.149,LHR,欧洲,伦敦,222 ms
162.159.249.26,LAX,北美洲,洛杉矶,223 ms
172.67.177.19,LHR,欧洲,伦敦,223 ms
172.67.4.25,IAD,北美洲,阿什本,223 ms
104.21.116.128,LHR,欧洲,伦敦,223 ms
1.0.0.31,SJC,北美洲,圣何塞,223 ms
172.64.175.57,BUF,北美洲,水牛城,223 ms
188.114.96.104,LHR,欧洲,伦敦,223 ms
1.0.0.142,SJC,北美洲,圣何塞,223 ms
1.0.0.201,SJC,北美洲,圣何塞,223 ms
172.64.196.99,BUF,北美洲,水牛城,224 ms
172.67.253.126,LHR,欧洲,伦敦,224 ms
172.64.110.71,BUF,北美洲,水牛城,224 ms
198.41.217.87,SJC,北美洲,圣何塞,224 ms
104.17.50.186,SJC,北美洲,圣何塞,224 ms
172.64.109.32,BUF,北美洲,水牛城,224 ms
104.17.63.178,SJC,北美洲,圣何塞,224 ms
172.67.143.216,LHR,欧洲,伦敦,225 ms
172.67.251.40,LHR,欧洲,伦敦,225 ms
172.67.163.96,LHR,欧洲,伦敦,225 ms
104.18.192.97,SJC,北美洲,圣何塞,225 ms
172.67.236.200,LHR,欧洲,伦敦,225 ms
172.64.132.34,BUF,北美洲,水牛城,225 ms
172.64.162.60,BUF,北美洲,水牛城,225 ms
172.64.204.247,BUF,北美洲,水牛城,225 ms
172.64.205.155,BUF,北美洲,水牛城,226 ms
104.27.206.210,IAD,北美洲,阿什本,226 ms
172.64.203.125,BUF,北美洲,水牛城,226 ms
172.64.207.190,BUF,北美洲,水牛城,226 ms
172.67.172.183,LHR,欧洲,伦敦,226 ms
172.64.166.98,BUF,北美洲,水牛城,227 ms
172.67.217.207,LHR,欧洲,伦敦,227 ms
104.27.193.220,IAD,北美洲,阿什本,227 ms
172.64.167.11,BUF,北美洲,水牛城,227 ms
104.18.37.127,SJC,北美洲,圣何塞,227 ms
104.27.199.6,IAD,北美洲,阿什本,227 ms
104.27.200.68,IAD,北美洲,阿什本,227 ms
172.64.198.151,BUF,北美洲,水牛城,227 ms
104.23.96.72,IAD,北美洲,阿什本,228 ms
104.27.203.245,IAD,北美洲,阿什本,228 ms
172.67.201.184,LHR,欧洲,伦敦,228 ms
104.21.115.46,LHR,欧洲,伦敦,228 ms
104.21.198.115,LHR,欧洲,伦敦,229 ms
104.27.207.193,IAD,北美洲,阿什本,229 ms
104.21.124.1,LHR,欧洲,伦敦,229 ms
162.159.25.179,SJC,北美洲,圣何塞,229 ms
198.41.197.58,SJC,北美洲,圣何塞,229 ms
104.18.180.246,SJC,北美洲,圣何塞,229 ms
104.21.196.100,LHR,欧洲,伦敦,229 ms
172.64.163.170,BUF,北美洲,水牛城,230 ms
104.24.128.230,IAD,北美洲,阿什本,230 ms
104.21.20.81,LHR,欧洲,伦敦,230 ms
198.41.196.226,SJC,北美洲,圣何塞,230 ms
104.27.192.213,IAD,北美洲,阿什本,230 ms
104.18.47.176,SJC,北美洲,圣何塞,230 ms
104.23.101.186,IAD,北美洲,阿什本,230 ms
172.67.43.228,HKG,亚太地区,香港,230 ms
172.67.173.103,LHR,欧洲,伦敦,230 ms
172.67.167.10,LHR,欧洲,伦敦,231 ms
104.23.133.247,IAD,北美洲,阿什本,231 ms
104.25.222.117,IAD,北美洲,阿什本,231 ms
104.20.137.191,IAD,北美洲,阿什本,231 ms
172.67.165.226,LHR,欧洲,伦敦,231 ms
172.64.143.205,BUF,北美洲,水牛城,231 ms
172.64.96.40,BUF,北美洲,水牛城,232 ms
104.21.221.29,LHR,欧洲,伦敦,232 ms
104.18.191.103,SJC,北美洲,圣何塞,232 ms
172.67.139.238,LHR,欧洲,伦敦,232 ms
172.64.97.184,BUF,北美洲,水牛城,232 ms
172.67.250.228,LHR,欧洲,伦敦,232 ms
104.21.117.84,LHR,欧洲,伦敦,232 ms
104.21.102.166,LHR,欧洲,伦敦,233 ms
172.67.242.80,LHR,欧洲,伦敦,233 ms
104.18.199.56,SJC,北美洲,圣何塞,233 ms
172.64.164.129,BUF,北美洲,水牛城,234 ms
104.17.171.53,SJC,北美洲,圣何塞,234 ms
172.64.197.6,BUF,北美洲,水牛城,234 ms
104.17.93.130,SJC,北美洲,圣何塞,234 ms
104.18.32.69,SJC,北美洲,圣何塞,234 ms
104.18.137.250,SJC,北美洲,圣何塞,235 ms
104.25.63.105,IAD,北美洲,阿什本,235 ms
104.21.81.190,LHR,欧洲,伦敦,235 ms
162.159.137.98,SJC,北美洲,圣何塞,235 ms
172.64.131.184,BUF,北美洲,水牛城,235 ms
172.64.129.209,BUF,北美洲,水牛城,235 ms
104.16.237.194,SJC,北美洲,圣何塞,235 ms
104.18.171.62,SJC,北美洲,圣何塞,236 ms
5.226.179.45,SJC,北美洲,圣何塞,236 ms
172.67.209.54,LHR,欧洲,伦敦,237 ms
172.67.135.46,LHR,欧洲,伦敦,237 ms
104.25.89.241,IAD,北美洲,阿什本,237 ms
104.20.229.134,IAD,北美洲,阿什本,237 ms
172.67.157.64,LHR,欧洲,伦敦,238 ms
162.159.160.237,CDG,欧洲,巴黎,238 ms
104.18.181.220,SJC,北美洲,圣何塞,238 ms
172.64.133.48,BUF,北美洲,水牛城,238 ms
172.64.170.52,BUF,北美洲,水牛城,238 ms
172.64.105.133,BUF,北美洲,水牛城,239 ms
172.64.160.76,BUF,北美洲,水牛城,240 ms
1.0.0.144,SJC,北美洲,圣何塞,240 ms
45.131.209.15,SJC,北美洲,圣何塞,240 ms
172.64.111.90,BUF,北美洲,水牛城,240 ms
1.0.0.73,SJC,北美洲,圣何塞,240 ms
172.67.240.202,LHR,欧洲,伦敦,240 ms
172.64.140.37,BUF,北美洲,水牛城,241 ms
104.21.224.176,LAX,北美洲,洛杉矶,241 ms
172.67.239.224,LHR,欧洲,伦敦,242 ms
104.20.218.74,IAD,北美洲,阿什本,242 ms
172.64.103.145,BUF,北美洲,水牛城,243 ms
172.64.102.111,BUF,北美洲,水牛城,243 ms
104.21.21.23,LHR,欧洲,伦敦,244 ms
172.67.185.139,LHR,欧洲,伦敦,244 ms
77.37.33.161,SJC,北美洲,圣何塞,244 ms
104.21.226.133,LAX,北美洲,洛杉矶,244 ms
104.21.219.139,LHR,欧洲,伦敦,245 ms
162.159.15.153,SJC,北美洲,圣何塞,245 ms
104.24.190.21,IAD,北美洲,阿什本,246 ms
172.64.137.227,BUF,北美洲,水牛城,246 ms
172.64.136.212,BUF,北美洲,水牛城,246 ms
104.19.242.215,LAX,北美洲,洛杉矶,246 ms
104.20.85.186,IAD,北美洲,阿什本,246 ms
104.25.33.203,IAD,北美洲,阿什本,246 ms
104.16.205.119,SJC,北美洲,圣何塞,247 ms
104.18.44.156,SJC,北美洲,圣何塞,247 ms
104.20.73.204,IAD,北美洲,阿什本,247 ms
104.16.228.252,SJC,北美洲,圣何塞,248 ms
104.21.222.70,LHR,欧洲,伦敦,248 ms
172.67.174.188,LHR,欧洲,伦敦,248 ms
104.21.67.255,LHR,欧洲,伦敦,249 ms
104.18.222.7,SJC,北美洲,圣何塞,249 ms
104.21.100.229,LHR,欧洲,伦敦,249 ms
162.159.128.213,SJC,北美洲,圣何塞,249 ms
172.67.245.25,LHR,欧洲,伦敦,249 ms
172.64.199.37,BUF,北美洲,水牛城,250 ms
104.21.231.122,LAX,北美洲,洛杉矶,250 ms
104.17.167.49,SJC,北美洲,圣何塞,251 ms
104.24.48.198,IAD,北美洲,阿什本,252 ms
104.18.197.148,SJC,北美洲,圣何塞,252 ms
5.10.244.172,SJC,北美洲,圣何塞,254 ms
104.22.8.124,IAD,北美洲,阿什本,255 ms
172.67.188.132,LHR,欧洲,伦敦,255 ms
104.21.203.149,LHR,欧洲,伦敦,255 ms
104.20.52.186,IAD,北美洲,阿什本,256 ms
172.67.175.168,LHR,欧洲,伦敦,256 ms
104.17.173.119,SJC,北美洲,圣何塞,257 ms
104.17.178.113,SJC,北美洲,圣何塞,257 ms
162.159.44.6,LAX,北美洲,洛杉矶,258 ms
104.19.131.145,LAX,北美洲,洛杉矶,258 ms
172.67.129.151,LHR,欧洲,伦敦,259 ms
104.27.65.120,IAD,北美洲,阿什本,260 ms
172.67.210.225,LHR,欧洲,伦敦,260 ms
162.159.24.4,SJC,北美洲,圣何塞,260 ms
172.64.104.37,BUF,北美洲,水牛城,260 ms
104.18.103.198,SJC,北美洲,圣何塞,260 ms
1.1.1.32,SJC,北美洲,圣何塞,261 ms
172.64.142.194,BUF,北美洲,水牛城,261 ms
104.21.96.90,LHR,欧洲,伦敦,261 ms
104.20.154.167,IAD,北美洲,阿什本,262 ms
104.21.75.17,LHR,欧洲,伦敦,262 ms
172.67.181.196,LHR,欧洲,伦敦,263 ms
89.116.180.63,SJC,北美洲,圣何塞,263 ms
104.17.151.74,SJC,北美洲,圣何塞,263 ms
162.159.136.136,SJC,北美洲,圣何塞,264 ms
45.159.216.220,SJC,北美洲,圣何塞,264 ms
104.21.122.192,LHR,欧洲,伦敦,265 ms
104.21.28.29,LHR,欧洲,伦敦,265 ms
104.21.32.210,LHR,欧洲,伦敦,266 ms
172.67.186.131,LHR,欧洲,伦敦,267 ms
104.21.206.161,LHR,欧洲,伦敦,267 ms
172.67.169.243,LHR,欧洲,伦敦,267 ms
104.16.123.234,LAX,北美洲,洛杉矶,267 ms
104.27.82.87,IAD,北美洲,阿什本,268 ms
104.27.26.205,IAD,北美洲,阿什本,268 ms
104.20.243.40,IAD,北美洲,阿什本,269 ms
172.67.184.33,LHR,欧洲,伦敦,269 ms
104.23.124.242,IAD,北美洲,阿什本,269 ms
104.17.96.1,SJC,北美洲,圣何塞,269 ms
172.67.248.94,LHR,欧洲,伦敦,270 ms
104.21.126.143,LHR,欧洲,伦敦,270 ms
104.25.175.60,IAD,北美洲,阿什本,270 ms
104.21.25.108,LHR,欧洲,伦敦,271 ms
104.21.229.166,LAX,北美洲,洛杉矶,272 ms
104.21.214.221,LHR,欧洲,伦敦,272 ms
104.21.2.236,LHR,欧洲,伦敦,274 ms
104.21.98.24,LHR,欧洲,伦敦,275 ms
104.21.8.108,LHR,欧洲,伦敦,275 ms
104.21.87.240,LHR,欧洲,伦敦,276 ms
104.19.247.44,LAX,北美洲,洛杉矶,277 ms
104.21.223.185,LHR,欧洲,伦敦,278 ms
162.159.248.73,LAX,北美洲,洛杉矶,279 ms
104.21.114.159,LHR,欧洲,伦敦,279 ms
172.67.227.133,LHR,欧洲,伦敦,279 ms
172.64.94.224,SJC,北美洲,圣何塞,279 ms
104.24.217.8,IAD,北美洲,阿什本,280 ms
104.17.15.232,SJC,北美洲,圣何塞,280 ms
104.19.141.158,LAX,北美洲,洛杉矶,280 ms
104.21.216.183,LHR,欧洲,伦敦,280 ms
172.67.229.101,LHR,欧洲,伦敦,280 ms
1.1.1.167,SJC,北美洲,圣何塞,280 ms
104.21.9.251,LHR,欧洲,伦敦,282 ms
172.67.136.47,LHR,欧洲,伦敦,284 ms
172.67.65.25,IAD,北美洲,阿什本,285 ms
172.67.215.3,LHR,欧洲,伦敦,286 ms
162.159.242.187,LAX,北美洲,洛杉矶,286 ms
172.67.213.222,LHR,欧洲,伦敦,287 ms
172.67.214.247,LHR,欧洲,伦敦,288 ms
104.18.2.36,SJC,北美洲,圣何塞,288 ms
104.25.220.139,IAD,北美洲,阿什本,288 ms
104.21.195.96,LHR,欧洲,伦敦,289 ms
104.21.5.24,LHR,欧洲,伦敦,289 ms
104.21.97.185,LHR,欧洲,伦敦,289 ms
104.21.66.138,LHR,欧洲,伦敦,289 ms
1.0.0.115,SJC,北美洲,圣何塞,290 ms
172.67.252.103,LHR,欧洲,伦敦,291 ms
172.67.254.193,LHR,欧洲,伦敦,291 ms
1.1.1.244,SJC,北美洲,圣何塞,292 ms
172.67.93.167,IAD,北美洲,阿什本,292 ms
172.67.196.36,LHR,欧洲,伦敦,293 ms
104.24.30.49,IAD,北美洲,阿什本,293 ms
104.25.30.233,IAD,北美洲,阿什本,294 ms
104.18.215.247,SJC,北美洲,圣何塞,295 ms
104.21.235.79,LAX,北美洲,洛杉矶,295 ms
104.18.81.177,SJC,北美洲,圣何塞,295 ms
162.159.4.208,SJC,北美洲,圣何塞,295 ms
104.19.135.57,LAX,北美洲,洛杉矶,296 ms
104.21.193.202,LHR,欧洲,伦敦,296 ms
104.19.130.240,LAX,北美洲,洛杉矶,297 ms
104.24.29.252,IAD,北美洲,阿什本,297 ms
104.18.90.161,SJC,北美洲,圣何塞,297 ms
104.18.71.180,SJC,北美洲,圣何塞,298 ms
1.1.1.9,SJC,北美洲,圣何塞,298 ms
104.22.75.50,IAD,北美洲,阿什本,298 ms
104.18.76.102,SJC,北美洲,圣何塞,299 ms
162.159.32.51,SJC,北美洲,圣何塞,299 ms
104.20.132.54,IAD,北美洲,阿什本,299 ms
104.17.91.216,SJC,北美洲,圣何塞,300 ms
104.27.31.0,IAD,北美洲,阿什本,301 ms
104.18.91.231,SJC,北美洲,圣何塞,301 ms
172.65.252.80,SJC,北美洲,圣何塞,301 ms
104.21.238.189,LAX,北美洲,洛杉矶,302 ms
1.1.1.122,SJC,北美洲,圣何塞,302 ms
104.17.126.87,SJC,北美洲,圣何塞,304 ms
104.21.39.109,LHR,欧洲,伦敦,305 ms
104.16.127.151,LAX,北美洲,洛杉矶,305 ms
172.67.160.36,LHR,欧洲,伦敦,306 ms
104.19.202.92,SJC,北美洲,圣何塞,306 ms
1.0.0.69,SJC,北美洲,圣何塞,306 ms
172.67.204.91,LHR,欧洲,伦敦,307 ms
104.16.121.196,LAX,北美洲,洛杉矶,307 ms
104.16.116.183,LAX,北美洲,洛杉矶,308 ms
45.131.210.4,SJC,北美洲,圣何塞,309 ms
104.21.123.217,LHR,欧洲,伦敦,309 ms
172.67.144.87,LHR,欧洲,伦敦,309 ms
1.0.0.143,SJC,北美洲,圣何塞,311 ms
104.19.129.101,LAX,北美洲,洛杉矶,311 ms
1.0.0.228,SJC,北美洲,圣何塞,311 ms
198.41.194.111,SJC,北美洲,圣何塞,312 ms
104.21.15.162,LHR,欧洲,伦敦,312 ms
172.67.211.222,LHR,欧洲,伦敦,312 ms
104.17.29.24,SJC,北美洲,圣何塞,314 ms
104.17.106.179,SJC,北美洲,圣何塞,315 ms
104.16.82.211,SJC,北美洲,圣何塞,316 ms
172.67.171.16,LHR,欧洲,伦敦,316 ms
104.21.225.194,LAX,北美洲,洛杉矶,316 ms
172.67.216.77,LHR,欧洲,伦敦,317 ms
162.159.45.53,LAX,北美洲,洛杉矶,317 ms
172.67.170.144,LHR,欧洲,伦敦,318 ms
104.21.29.219,LHR,欧洲,伦敦,318 ms
104.25.17.136,IAD,北美洲,阿什本,318 ms
104.24.19.169,IAD,北美洲,阿什本,318 ms
104.21.82.93,LHR,欧洲,伦敦,319 ms
172.64.40.183,LAX,北美洲,洛杉矶,319 ms
104.24.63.144,IAD,北美洲,阿什本,319 ms
162.159.240.163,LAX,北美洲,洛杉矶,319 ms
172.67.199.19,LHR,欧洲,伦敦,320 ms
1.0.0.237,SJC,北美洲,圣何塞,320 ms
104.25.62.127,IAD,北美洲,阿什本,321 ms
104.24.87.123,IAD,北美洲,阿什本,321 ms
1.0.0.76,SJC,北美洲,圣何塞,321 ms
104.18.153.17,SJC,北美洲,圣何塞,321 ms
104.20.15.252,IAD,北美洲,阿什本,322 ms
172.67.179.201,LHR,欧洲,伦敦,322 ms
172.67.138.23,LHR,欧洲,伦敦,323 ms
104.17.155.115,SJC,北美洲,圣何塞,323 ms
104.27.104.47,IAD,北美洲,阿什本,323 ms
172.67.141.3,LHR,欧洲,伦敦,324 ms
104.21.54.246,LHR,欧洲,伦敦,324 ms
104.19.134.251,LAX,北美洲,洛杉矶,325 ms
104.21.80.34,LHR,欧洲,伦敦,327 ms
104.18.97.130,SJC,北美洲,圣何塞,328 ms
172.67.241.143,LHR,欧洲,伦敦,328 ms
172.64.149.15,SJC,北美洲,圣何塞,330 ms
104.17.191.135,SJC,北美洲,圣何塞,332 ms
162.159.244.242,LAX,北美洲,洛杉矶,332 ms
104.18.242.96,SJC,北美洲,圣何塞,333 ms
104.25.31.116,IAD,北美洲,阿什本,333 ms
104.17.6.82,SJC,北美洲,圣何塞,333 ms
1.0.0.111,SJC,北美洲,圣何塞,333 ms
172.67.182.22,LHR,欧洲,伦敦,333 ms
104.16.73.143,SJC,北美洲,圣何塞,333 ms
1.0.0.141,SJC,北美洲,圣何塞,334 ms
104.17.27.174,SJC,北美洲,圣何塞,334 ms
104.17.220.24,SJC,北美洲,圣何塞,334 ms
104.17.111.130,SJC,北美洲,圣何塞,334 ms
104.20.185.115,IAD,北美洲,阿什本,335 ms
104.18.154.240,SJC,北美洲,圣何塞,335 ms
172.67.140.109,LHR,欧洲,伦敦,335 ms
162.159.245.209,LAX,北美洲,洛杉矶,336 ms
1.0.0.199,SJC,北美洲,圣何塞,336 ms
104.21.3.143,LHR,欧洲,伦敦,337 ms
104.16.182.150,SJC,北美洲,圣何塞,337 ms
104.17.81.94,SJC,北美洲,圣何塞,338 ms
1.0.0.132,SJC,北美洲,圣何塞,339 ms
1.1.1.35,SJC,北美洲,圣何塞,339 ms
104.16.64.68,SJC,北美洲,圣何塞,339 ms
104.21.85.181,LHR,欧洲,伦敦,339 ms
1.0.0.19,SJC,北美洲,圣何塞,339 ms
104.18.250.223,SJC,北美洲,圣何塞,340 ms
172.67.225.192,LHR,欧洲,伦敦,340 ms
1.0.0.117,SJC,北美洲,圣何塞,340 ms
104.26.9.228,IAD,北美洲,阿什本,340 ms
1.1.1.127,SJC,北美洲,圣何塞,340 ms
92.243.74.71,SJC,北美洲,圣何塞,341 ms
172.67.176.191,LHR,欧洲,伦敦,341 ms
104.27.73.150,IAD,北美洲,阿什本,341 ms
1.0.0.165,SJC,北美洲,圣何塞,341 ms
104.17.180.210,SJC,北美洲,圣何塞,342 ms
1.1.1.117,SJC,北美洲,圣何塞,342 ms
104.16.55.161,SJC,北美洲,圣何塞,342 ms
5.10.247.95,SJC,北美洲,圣何塞,343 ms
104.18.78.234,SJC,北美洲,圣何塞,343 ms
104.16.226.0,SJC,北美洲,圣何塞,344 ms
172.67.133.244,LHR,欧洲,伦敦,344 ms
1.0.0.175,SJC,北美洲,圣何塞,344 ms
1.1.1.174,SJC,北美洲,圣何塞,344 ms
104.18.8.73,SJC,北美洲,圣何塞,344 ms
1.0.0.111,SJC,北美洲,圣何塞,344 ms
103.11.212.156,SJC,北美洲,圣何塞,344 ms
1.1.1.146,SJC,北美洲,圣何塞,344 ms
199.60.103.217,SJC,北美洲,圣何塞,344 ms
198.217.251.193,SJC,北美洲,圣何塞,344 ms
104.17.122.110,SJC,北美洲,圣何塞,344 ms
104.16.192.107,SJC,北美洲,圣何塞,344 ms
104.24.16.161,IAD,北美洲,阿什本,345 ms
104.17.152.214,SJC,北美洲,圣何塞,345 ms
104.18.95.176,SJC,北美洲,圣何塞,345 ms
104.18.13.136,SJC,北美洲,圣何塞,345 ms
1.1.1.226,SJC,北美洲,圣何塞,345 ms
104.17.175.118,SJC,北美洲,圣何塞,345 ms
104.23.116.127,IAD,北美洲,阿什本,345 ms
104.17.118.12,SJC,北美洲,圣何塞,345 ms
1.0.0.81,SJC,北美洲,圣何塞,346 ms
104.16.241.188,SJC,北美洲,圣何塞,346 ms
104.17.156.108,SJC,北美洲,圣何塞,346 ms
172.67.150.85,LHR,欧洲,伦敦,346 ms
1.0.0.117,SJC,北美洲,圣何塞,346 ms
172.64.152.122,SJC,北美洲,圣何塞,346 ms
104.17.16.106,SJC,北美洲,圣何塞,346 ms
104.18.106.89,SJC,北美洲,圣何塞,346 ms
172.67.103.254,IAD,北美洲,阿什本,346 ms
104.16.239.17,SJC,北美洲,圣何塞,346 ms
104.16.76.96,SJC,北美洲,圣何塞,346 ms
172.65.48.163,LHR,欧洲,伦敦,346 ms
1.1.1.85,SJC,北美洲,圣何塞,346 ms
108.165.216.213,SJC,北美洲,圣何塞,347 ms
104.17.223.69,SJC,北美洲,圣何塞,347 ms
1.0.0.137,SJC,北美洲,圣何塞,347 ms
104.19.136.111,LAX,北美洲,洛杉矶,347 ms
104.17.88.51,SJC,北美洲,圣何塞,347 ms
198.41.205.219,SJC,北美洲,圣何塞,348 ms
89.116.161.143,SJC,北美洲,圣何塞,348 ms
104.19.169.37,SJC,北美洲,圣何塞,348 ms
104.18.77.17,SJC,北美洲,圣何塞,348 ms
104.17.55.69,SJC,北美洲,圣何塞,348 ms
1.0.0.135,SJC,北美洲,圣何塞,348 ms
104.16.24.64,SJC,北美洲,圣何塞,348 ms
1.0.0.140,SJC,北美洲,圣何塞,348 ms
104.19.145.14,SJC,北美洲,圣何塞,348 ms
104.18.196.244,SJC,北美洲,圣何塞,349 ms
104.24.74.142,IAD,北美洲,阿什本,349 ms
104.16.185.38,SJC,北美洲,圣何塞,349 ms
104.21.17.230,LHR,欧洲,伦敦,349 ms
1.0.0.172,SJC,北美洲,圣何塞,349 ms
1.1.1.170,SJC,北美洲,圣何塞,349 ms
104.17.183.90,SJC,北美洲,圣何塞,349 ms
104.17.43.177,SJC,北美洲,圣何塞,349 ms
104.17.97.32,SJC,北美洲,圣何塞,349 ms
104.17.209.58,SJC,北美洲,圣何塞,349 ms
1.1.1.156,SJC,北美洲,圣何塞,349 ms
1.0.0.172,SJC,北美洲,圣何塞,350 ms
1.0.0.197,SJC,北美洲,圣何塞,350 ms
104.16.255.90,SJC,北美洲,圣何塞,350 ms
1.0.0.193,SJC,北美洲,圣何塞,350 ms
104.24.65.125,IAD,北美洲,阿什本,350 ms
104.18.38.11,SJC,北美洲,圣何塞,350 ms
1.0.0.184,SJC,北美洲,圣何塞,350 ms
104.19.139.22,LAX,北美洲,洛杉矶,350 ms
104.19.226.40,SJC,北美洲,圣何塞,351 ms
1.1.1.178,SJC,北美洲,圣何塞,351 ms
104.19.158.217,SJC,北美洲,圣何塞,351 ms
104.17.196.149,SJC,北美洲,圣何塞,351 ms
104.17.22.217,SJC,北美洲,圣何塞,351 ms
162.159.153.56,SJC,北美洲,圣何塞,351 ms
91.193.59.238,SJC,北美洲,圣何塞,351 ms
1.1.1.117,SJC,北美洲,圣何塞,351 ms
104.17.7.150,SJC,北美洲,圣何塞,351 ms
1.1.1.26,SJC,北美洲,圣何塞,351 ms
1.1.1.249,SJC,北美洲,圣何塞,352 ms
104.18.198.167,SJC,北美洲,圣何塞,352 ms
172.83.73.70,SJC,北美洲,圣何塞,352 ms
31.12.75.156,SJC,北美洲,圣何塞,352 ms
45.85.118.238,SJC,北美洲,圣何塞,352 ms
1.1.1.4,SJC,北美洲,圣何塞,352 ms
104.25.22.26,IAD,北美洲,阿什本,352 ms
147.78.140.35,SJC,北美洲,圣何塞,352 ms
172.64.82.215,SJC,北美洲,圣何塞,352 ms
104.19.182.209,SJC,北美洲,圣何塞,352 ms
104.25.13.8,IAD,北美洲,阿什本,352 ms
1.0.0.194,SJC,北美洲,圣何塞,352 ms
104.16.101.8,SJC,北美洲,圣何塞,352 ms
1.1.1.47,SJC,北美洲,圣何塞,352 ms
104.19.175.167,SJC,北美洲,圣何塞,352 ms
104.17.2.214,SJC,北美洲,圣何塞,352 ms
176.126.206.209,SJC,北美洲,圣何塞,352 ms
172.64.91.65,SJC,北美洲,圣何塞,352 ms
104.20.46.220,IAD,北美洲,阿什本,352 ms
104.16.179.29,SJC,北美洲,圣何塞,352 ms
172.64.156.117,SJC,北美洲,圣何塞,353 ms
1.0.0.83,SJC,北美洲,圣何塞,353 ms
162.159.246.21,LAX,北美洲,洛杉矶,353 ms
104.18.45.154,SJC,北美洲,圣何塞,353 ms
172.64.89.236,SJC,北美洲,圣何塞,353 ms
1.1.1.108,SJC,北美洲,圣何塞,353 ms
172.64.159.12,SJC,北美洲,圣何塞,353 ms
172.64.42.3,SJC,北美洲,圣何塞,354 ms
104.16.69.144,SJC,北美洲,圣何塞,354 ms
104.17.254.187,SJC,北美洲,圣何塞,354 ms
104.18.155.248,SJC,北美洲,圣何塞,354 ms
104.16.191.225,SJC,北美洲,圣何塞,354 ms
1.0.0.71,SJC,北美洲,圣何塞,354 ms
104.20.54.4,IAD,北美洲,阿什本,354 ms
104.17.230.3,SJC,北美洲,圣何塞,354 ms
1.1.1.249,SJC,北美洲,圣何塞,354 ms
104.18.141.39,SJC,北美洲,圣何塞,354 ms
172.64.85.2,SJC,北美洲,圣何塞,355 ms
104.16.170.24,SJC,北美洲,圣何塞,355 ms
104.24.0.177,IAD,北美洲,阿什本,355 ms
1.1.1.217,SJC,北美洲,圣何塞,355 ms
185.221.160.127,SJC,北美洲,圣何塞,355 ms
104.16.195.36,SJC,北美洲,圣何塞,355 ms
104.16.91.54,SJC,北美洲,圣何塞,355 ms
104.17.20.178,SJC,北美洲,圣何塞,355 ms
104.16.96.189,SJC,北美洲,圣何塞,355 ms
103.21.244.214,SJC,北美洲,圣何塞,356 ms
1.0.0.252,SJC,北美洲,圣何塞,356 ms
104.16.243.234,SJC,北美洲,圣何塞,356 ms
104.16.99.60,SJC,北美洲,圣何塞,356 ms
172.64.92.175,SJC,北美洲,圣何塞,356 ms
1.0.0.172,SJC,北美洲,圣何塞,356 ms
1.0.0.91,SJC,北美洲,圣何塞,356 ms
92.60.74.184,SJC,北美洲,圣何塞,356 ms
104.129.167.116,SJC,北美洲,圣何塞,356 ms
104.17.120.214,SJC,北美洲,圣何塞,356 ms
1.1.1.13,SJC,北美洲,圣何塞,356 ms
104.18.218.235,SJC,北美洲,圣何塞,356 ms
1.0.0.195,SJC,北美洲,圣何塞,357 ms
1.0.0.79,SJC,北美洲,圣何塞,357 ms
1.0.0.81,SJC,北美洲,圣何塞,357 ms
1.1.1.58,SJC,北美洲,圣何塞,357 ms
1.1.1.22,SJC,北美洲,圣何塞,357 ms
104.18.229.169,SJC,北美洲,圣何塞,358 ms
104.18.139.35,SJC,北美洲,圣何塞,358 ms
104.16.254.224,SJC,北美洲,圣何塞,358 ms
172.66.2.85,SJC,北美洲,圣何塞,358 ms
77.74.228.130,SJC,北美洲,圣何塞,358 ms
1.1.1.69,SJC,北美洲,圣何塞,358 ms
1.0.0.39,SJC,北美洲,圣何塞,358 ms
1.1.1.9,SJC,北美洲,圣何塞,358 ms
1.1.1.203,SJC,北美洲,圣何塞,359 ms
104.18.138.78,SJC,北美洲,圣何塞,359 ms
1.0.0.150,SJC,北美洲,圣何塞,359 ms
104.17.232.240,SJC,北美洲,圣何塞,359 ms
104.16.168.62,SJC,北美洲,圣何塞,359 ms
162.159.129.59,SJC,北美洲,圣何塞,359 ms
104.17.26.125,SJC,北美洲,圣何塞,359 ms
154.83.2.185,SJC,北美洲,圣何塞,360 ms
1.0.0.68,SJC,北美洲,圣何塞,360 ms
1.0.0.12,SJC,北美洲,圣何塞,360 ms
1.1.1.223,SJC,北美洲,圣何塞,360 ms
104.19.213.1,SJC,北美洲,圣何塞,360 ms
198.41.199.71,SJC,北美洲,圣何塞,360 ms
104.16.9.176,SJC,北美洲,圣何塞,360 ms
1.1.1.229,SJC,北美洲,圣何塞,360 ms
104.25.7.153,IAD,北美洲,阿什本,361 ms
104.18.213.205,SJC,北美洲,圣何塞,361 ms
104.18.67.102,SJC,北美洲,圣何塞,361 ms
162.159.61.194,SJC,北美洲,圣何塞,361 ms
104.16.65.238,SJC,北美洲,圣何塞,361 ms
185.159.247.218,SJC,北美洲,圣何塞,361 ms
1.1.1.165,SJC,北美洲,圣何塞,361 ms
1.1.1.54,SJC,北美洲,圣何塞,361 ms
1.0.0.226,SJC,北美洲,圣何塞,361 ms
104.18.205.109,SJC,北美洲,圣何塞,361 ms
104.18.248.169,SJC,北美洲,圣何塞,361 ms
104.16.172.37,SJC,北美洲,圣何塞,361 ms
104.17.46.107,SJC,北美洲,圣何塞,361 ms
104.17.115.216,SJC,北美洲,圣何塞,361 ms
1.0.0.17,SJC,北美洲,圣何塞,361 ms
104.19.233.180,SJC,北美洲,圣何塞,362 ms
104.16.20.82,SJC,北美洲,圣何塞,362 ms
104.24.85.235,IAD,北美洲,阿什本,362 ms
104.19.195.101,SJC,北美洲,圣何塞,362 ms
1.0.0.103,SJC,北美洲,圣何塞,362 ms
104.18.241.90,SJC,北美洲,圣何塞,362 ms
162.159.21.13,SJC,北美洲,圣何塞,362 ms
167.68.42.36,SJC,北美洲,圣何塞,362 ms
104.16.105.61,SJC,北美洲,圣何塞,362 ms
1.0.0.225,SJC,北美洲,圣何塞,362 ms
1.1.1.199,SJC,北美洲,圣何塞,362 ms
198.41.220.150,SJC,北美洲,圣何塞,362 ms
104.16.184.73,SJC,北美洲,圣何塞,362 ms
1.1.1.148,SJC,北美洲,圣何塞,362 ms
104.17.107.109,SJC,北美洲,圣何塞,362 ms
104.17.190.192,SJC,北美洲,圣何塞,362 ms
1.1.1.69,SJC,北美洲,圣何塞,362 ms
104.18.253.27,SJC,北美洲,圣何塞,363 ms
104.18.39.25,SJC,北美洲,圣何塞,363 ms
104.17.10.199,SJC,北美洲,圣何塞,363 ms
1.1.1.54,SJC,北美洲,圣何塞,363 ms
1.0.0.212,SJC,北美洲,圣何塞,363 ms
104.19.196.106,SJC,北美洲,圣何塞,363 ms
104.16.233.248,SJC,北美洲,圣何塞,363 ms
104.17.245.86,SJC,北美洲,圣何塞,363 ms
104.16.181.3,SJC,北美洲,圣何塞,363 ms
104.18.68.225,SJC,北美洲,圣何塞,363 ms
1.0.0.15,SJC,北美洲,圣何塞,363 ms
45.149.12.177,SJC,北美洲,圣何塞,363 ms
104.18.83.191,SJC,北美洲,圣何塞,363 ms
104.16.13.254,SJC,北美洲,圣何塞,363 ms
104.16.79.194,SJC,北美洲,圣何塞,363 ms
1.1.1.216,SJC,北美洲,圣何塞,363 ms
1.0.0.184,SJC,北美洲,圣何塞,363 ms
104.19.215.126,SJC,北美洲,圣何塞,363 ms
104.18.175.173,SJC,北美洲,圣何塞,364 ms
1.0.0.213,SJC,北美洲,圣何塞,364 ms
104.17.148.14,SJC,北美洲,圣何塞,364 ms
104.16.162.123,SJC,北美洲,圣何塞,364 ms
162.159.62.69,SJC,北美洲,圣何塞,364 ms
104.18.164.184,SJC,北美洲,圣何塞,364 ms
104.18.223.144,SJC,北美洲,圣何塞,364 ms
172.64.158.45,SJC,北美洲,圣何塞,364 ms
104.17.160.251,SJC,北美洲,圣何塞,364 ms
104.16.81.112,SJC,北美洲,圣何塞,364 ms
1.1.1.17,SJC,北美洲,圣何塞,364 ms
104.18.82.189,SJC,北美洲,圣何塞,364 ms
104.18.182.14,SJC,北美洲,圣何塞,364 ms
104.17.241.229,SJC,北美洲,圣何塞,364 ms
104.17.242.30,SJC,北美洲,圣何塞,364 ms
104.16.103.160,SJC,北美洲,圣何塞,364 ms
104.19.160.123,SJC,北美洲,圣何塞,364 ms
1.1.1.185,SJC,北美洲,圣何塞,364 ms
104.16.136.90,SJC,北美洲,圣何塞,364 ms
104.18.179.207,SJC,北美洲,圣何塞,364 ms
190.93.244.212,SJC,北美洲,圣何塞,364 ms
1.0.0.142,SJC,北美洲,圣何塞,364 ms
104.18.239.71,SJC,北美洲,圣何塞,364 ms
104.16.78.216,SJC,北美洲,圣何塞,364 ms
198.41.200.174,SJC,北美洲,圣何塞,365 ms
108.162.195.75,SJC,北美洲,圣何塞,365 ms
1.1.1.233,SJC,北美洲,圣何塞,365 ms
1.1.1.215,SJC,北美洲,圣何塞,365 ms
104.19.204.104,SJC,北美洲,圣何塞,365 ms
198.41.211.242,SJC,北美洲,圣何塞,365 ms
104.16.250.222,SJC,北美洲,圣何塞,365 ms
104.18.219.180,SJC,北美洲,圣何塞,365 ms
104.16.138.82,SJC,北美洲,圣何塞,365 ms
1.0.0.199,SJC,北美洲,圣何塞,365 ms
1.1.1.28,SJC,北美洲,圣何塞,365 ms
104.17.34.73,SJC,北美洲,圣何塞,366 ms
104.19.236.215,SJC,北美洲,圣何塞,366 ms
104.17.13.161,SJC,北美洲,圣何塞,366 ms
1.0.0.243,SJC,北美洲,圣何塞,366 ms
1.0.0.76,SJC,北美洲,圣何塞,366 ms
162.159.5.252,SJC,北美洲,圣何塞,366 ms
162.159.2.100,SJC,北美洲,圣何塞,366 ms
172.66.0.95,SJC,北美洲,圣何塞,366 ms
104.18.35.49,SJC,北美洲,圣何塞,366 ms
104.19.225.140,SJC,北美洲,圣何塞,366 ms
188.42.145.82,SJC,北美洲,圣何塞,366 ms
104.16.12.244,SJC,北美洲,圣何塞,366 ms
1.0.0.209,SJC,北美洲,圣何塞,366 ms
104.18.186.151,SJC,北美洲,圣何塞,366 ms
104.24.143.176,IAD,北美洲,阿什本,366 ms
1.1.1.228,SJC,北美洲,圣何塞,366 ms
1.1.1.187,SJC,北美洲,圣何塞,366 ms
104.18.132.229,SJC,北美洲,圣何塞,367 ms
104.17.193.217,SJC,北美洲,圣何塞,367 ms
104.18.166.227,SJC,北美洲,圣何塞,367 ms
104.17.158.232,SJC,北美洲,圣何塞,367 ms
1.0.0.209,SJC,北美洲,圣何塞,367 ms
1.1.1.10,SJC,北美洲,圣何塞,367 ms
146.19.21.75,SJC,北美洲,圣何塞,367 ms
162.159.16.104,SJC,北美洲,圣何塞,367 ms
1.1.1.208,SJC,北美洲,圣何塞,367 ms
104.18.243.158,SJC,北美洲,圣何塞,367 ms
104.17.213.12,SJC,北美洲,圣何塞,367 ms
1.1.1.213,SJC,北美洲,圣何塞,367 ms
104.18.212.103,SJC,北美洲,圣何塞,367 ms
1.1.1.152,SJC,北美洲,圣何塞,367 ms
104.18.84.123,SJC,北美洲,圣何塞,367 ms
1.1.1.195,SJC,北美洲,圣何塞,367 ms
1.0.0.109,SJC,北美洲,圣何塞,367 ms
104.17.103.253,SJC,北美洲,圣何塞,367 ms
94.247.142.42,SJC,北美洲,圣何塞,368 ms
104.16.135.73,SJC,北美洲,圣何塞,368 ms
198.41.192.96,SJC,北美洲,圣何塞,368 ms
162.159.142.191,SJC,北美洲,圣何塞,368 ms
1.0.0.204,SJC,北美洲,圣何塞,368 ms
104.24.77.61,IAD,北美洲,阿什本,368 ms
104.17.9.35,SJC,北美洲,圣何塞,368 ms
1.0.0.194,SJC,北美洲,圣何塞,368 ms
162.159.8.236,SJC,北美洲,圣何塞,368 ms
1.1.1.74,SJC,北美洲,圣何塞,368 ms
104.17.176.114,SJC,北美洲,圣何塞,368 ms
162.159.14.242,SJC,北美洲,圣何塞,368 ms
104.17.217.237,SJC,北美洲,圣何塞,368 ms
5.10.245.166,SJC,北美洲,圣何塞,368 ms
154.197.64.203,SJC,北美洲,圣何塞,368 ms
46.254.93.35,SJC,北美洲,圣何塞,368 ms
104.18.100.8,SJC,北美洲,圣何塞,368 ms
104.19.224.1,SJC,北美洲,圣何塞,368 ms
1.1.1.46,SJC,北美洲,圣何塞,368 ms
104.17.237.48,SJC,北美洲,圣何塞,368 ms
1.1.1.241,SJC,北美洲,圣何塞,368 ms
45.94.169.63,SJC,北美洲,圣何塞,369 ms
104.18.193.214,SJC,北美洲,圣何塞,369 ms
1.0.0.101,SJC,北美洲,圣何塞,369 ms
1.1.1.4,SJC,北美洲,圣何塞,369 ms
104.16.109.138,SJC,北美洲,圣何塞,369 ms
104.16.110.135,SJC,北美洲,圣何塞,369 ms
1.0.0.168,SJC,北美洲,圣何塞,369 ms
88.216.67.216,SJC,北美洲,圣何塞,369 ms
162.159.0.185,SJC,北美洲,圣何塞,369 ms
104.19.132.138,LAX,北美洲,洛杉矶,369 ms
104.17.82.43,SJC,北美洲,圣何塞,369 ms
104.18.236.160,SJC,北美洲,圣何塞,369 ms
104.19.183.22,SJC,北美洲,圣何塞,369 ms
198.41.193.97,SJC,北美洲,圣何塞,369 ms
172.64.34.178,SJC,北美洲,圣何塞,369 ms
77.75.199.44,SJC,北美洲,圣何塞,370 ms
45.12.30.236,SJC,北美洲,圣何塞,370 ms
104.19.155.231,SJC,北美洲,圣何塞,370 ms
104.24.86.132,IAD,北美洲,阿什本,370 ms
1.1.1.249,SJC,北美洲,圣何塞,370 ms
104.16.145.241,SJC,北美洲,圣何塞,370 ms
104.20.66.49,IAD,北美洲,阿什本,370 ms
1.1.1.227,SJC,北美洲,圣何塞,370 ms
104.129.166.47,SJC,北美洲,圣何塞,370 ms
198.41.198.208,SJC,北美洲,圣何塞,370 ms
1.0.0.164,SJC,北美洲,圣何塞,370 ms
172.64.69.40,SJC,北美洲,圣何塞,370 ms
23.227.39.160,SJC,北美洲,圣何塞,370 ms
1.1.1.96,SJC,北美洲,圣何塞,370 ms
1.1.1.96,SJC,北美洲,圣何塞,370 ms
167.68.11.192,SJC,北美洲,圣何塞,370 ms
172.64.145.72,SJC,北美洲,圣何塞,370 ms
104.19.162.26,SJC,北美洲,圣何塞,370 ms
104.20.81.177,IAD,北美洲,阿什本,370 ms
104.27.36.110,IAD,北美洲,阿什本,371 ms
156.252.2.63,SJC,北美洲,圣何塞,371 ms
172.64.35.80,SJC,北美洲,圣何塞,371 ms
104.18.133.171,SJC,北美洲,圣何塞,371 ms
104.129.164.128,SJC,北美洲,圣何塞,371 ms
1.0.0.14,SJC,北美洲,圣何塞,371 ms
1.0.0.38,SJC,北美洲,圣何塞,371 ms
104.19.173.219,SJC,北美洲,圣何塞,371 ms
1.0.0.86,SJC,北美洲,圣何塞,371 ms
104.19.148.148,SJC,北美洲,圣何塞,371 ms
104.18.131.111,SJC,北美洲,圣何塞,371 ms
104.17.119.117,SJC,北美洲,圣何塞,371 ms
104.17.236.233,SJC,北美洲,圣何塞,371 ms
104.17.210.244,SJC,北美洲,圣何塞,371 ms
104.17.48.29,SJC,北美洲,圣何塞,371 ms
104.16.133.231,SJC,北美洲,圣何塞,372 ms
1.1.1.150,SJC,北美洲,圣何塞,372 ms
1.1.1.23,SJC,北美洲,圣何塞,372 ms
172.64.81.236,SJC,北美洲,圣何塞,372 ms
104.16.166.119,SJC,北美洲,圣何塞,372 ms
1.0.0.177,SJC,北美洲,圣何塞,372 ms
1.0.0.201,SJC,北美洲,圣何塞,372 ms
104.18.145.123,SJC,北美洲,圣何塞,372 ms
104.16.74.104,SJC,北美洲,圣何塞,372 ms
1.1.1.111,SJC,北美洲,圣何塞,372 ms
1.1.1.214,SJC,北美洲,圣何塞,372 ms
104.17.219.6,SJC,北美洲,圣何塞,372 ms
162.159.36.43,SJC,北美洲,圣何塞,372 ms
185.193.30.130,SJC,北美洲,圣何塞,372 ms
104.18.99.107,SJC,北美洲,圣何塞,372 ms
1.0.0.52,SJC,北美洲,圣何塞,372 ms
1.1.1.8,SJC,北美洲,圣何塞,372 ms
1.1.1.65,SJC,北美洲,圣何塞,372 ms
104.18.216.74,SJC,北美洲,圣何塞,372 ms
1.1.1.206,SJC,北美洲,圣何塞,372 ms
108.162.198.247,SJC,北美洲,圣何塞,372 ms
104.19.223.52,SJC,北美洲,圣何塞,373 ms
104.16.0.90,SJC,北美洲,圣何塞,373 ms
1.1.1.180,SJC,北美洲,圣何塞,373 ms
45.131.211.161,SJC,北美洲,圣何塞,373 ms
1.0.0.154,SJC,北美洲,圣何塞,373 ms
104.16.139.197,SJC,北美洲,圣何塞,373 ms
1.1.1.36,SJC,北美洲,圣何塞,373 ms
5.182.85.124,SJC,北美洲,圣何塞,373 ms
1.0.0.89,SJC,北美洲,圣何塞,373 ms
104.16.102.194,SJC,北美洲,圣何塞,373 ms
104.24.242.127,IAD,北美洲,阿什本,373 ms
104.17.17.253,SJC,北美洲,圣何塞,373 ms
1.0.0.141,SJC,北美洲,圣何塞,373 ms
172.64.147.76,SJC,北美洲,圣何塞,373 ms
172.64.148.167,SJC,北美洲,圣何塞,373 ms
190.93.247.227,SJC,北美洲,圣何塞,373 ms
104.19.194.134,SJC,北美洲,圣何塞,373 ms
1.1.1.186,SJC,北美洲,圣何塞,373 ms
104.16.58.85,SJC,北美洲,圣何塞,373 ms
1.1.1.20,SJC,北美洲,圣何塞,374 ms
1.1.1.171,SJC,北美洲,圣何塞,374 ms
1.1.1.23,SJC,北美洲,圣何塞,374 ms
104.19.197.224,SJC,北美洲,圣何塞,374 ms
1.1.1.208,SJC,北美洲,圣何塞,374 ms
108.162.192.9,SJC,北美洲,圣何塞,374 ms
198.41.202.54,SJC,北美洲,圣何塞,374 ms
104.18.235.211,SJC,北美洲,圣何塞,374 ms
1.1.1.3,SJC,北美洲,圣何塞,374 ms
1.1.1.168,SJC,北美洲,圣何塞,374 ms
104.16.28.94,SJC,北美洲,圣何塞,374 ms
104.18.92.170,SJC,北美洲,圣何塞,374 ms
1.0.0.232,SJC,北美洲,圣何塞,374 ms
1.0.0.73,SJC,北美洲,圣何塞,374 ms
1.0.0.166,SJC,北美洲,圣何塞,374 ms
1.1.1.94,SJC,北美洲,圣何塞,374 ms
104.17.32.48,SJC,北美洲,圣何塞,374 ms
104.19.176.126,SJC,北美洲,圣何塞,374 ms
1.1.1.110,SJC,北美洲,圣何塞,375 ms
1.0.0.185,SJC,北美洲,圣何塞,375 ms
172.64.155.134,SJC,北美洲,圣何塞,375 ms
1.0.0.92,SJC,北美洲,圣何塞,375 ms
104.27.17.91,IAD,北美洲,阿什本,375 ms
1.1.1.21,SJC,北美洲,圣何塞,375 ms
162.159.135.204,SJC,北美洲,圣何塞,375 ms
1.1.1.210,SJC,北美洲,圣何塞,375 ms
162.159.23.40,SJC,北美洲,圣何塞,375 ms
1.1.1.71,SJC,北美洲,圣何塞,375 ms
1.1.1.225,SJC,北美洲,圣何塞,376 ms
1.0.0.121,SJC,北美洲,圣何塞,376 ms
104.17.92.47,SJC,北美洲,圣何塞,376 ms
104.17.205.111,SJC,北美洲,圣何塞,376 ms
104.16.159.88,SJC,北美洲,圣何塞,376 ms
104.18.230.85,SJC,北美洲,圣何塞,376 ms
104.17.90.144,SJC,北美洲,圣何塞,376 ms
172.64.230.152,SJC,北美洲,圣何塞,376 ms
1.0.0.177,SJC,北美洲,圣何塞,376 ms
104.25.80.151,IAD,北美洲,阿什本,376 ms
104.27.110.141,IAD,北美洲,阿什本,376 ms
104.17.125.39,SJC,北美洲,圣何塞,376 ms
104.16.246.66,SJC,北美洲,圣何塞,376 ms
154.85.99.65,SJC,北美洲,圣何塞,376 ms
104.17.94.183,SJC,北美洲,圣何塞,376 ms
162.159.58.139,SJC,北美洲,圣何塞,376 ms
104.17.8.215,SJC,北美洲,圣何塞,376 ms
104.18.228.95,SJC,北美洲,圣何塞,376 ms
104.16.94.55,SJC,北美洲,圣何塞,376 ms
162.120.94.236,SJC,北美洲,圣何塞,376 ms
104.16.152.113,SJC,北美洲,圣何塞,376 ms
104.18.105.6,SJC,北美洲,圣何塞,377 ms
1.0.0.141,SJC,北美洲,圣何塞,377 ms
176.126.207.2,SJC,北美洲,圣何塞,377 ms
104.19.222.36,SJC,北美洲,圣何塞,377 ms
104.17.37.39,SJC,北美洲,圣何塞,377 ms
1.0.0.223,SJC,北美洲,圣何塞,377 ms
185.162.229.7,SJC,北美洲,圣何塞,377 ms
104.17.174.169,SJC,北美洲,圣何塞,377 ms
172.65.196.63,SJC,北美洲,圣何塞,377 ms
1.0.0.235,SJC,北美洲,圣何塞,377 ms
104.19.211.225,SJC,北美洲,圣何塞,377 ms
1.0.0.178,SJC,北美洲,圣何塞,377 ms
172.66.40.5,SJC,北美洲,圣何塞,377 ms
1.1.1.204,SJC,北美洲,圣何塞,378 ms
1.0.0.72,SJC,北美洲,圣何塞,378 ms
66.81.247.51,SJC,北美洲,圣何塞,378 ms
104.16.14.188,SJC,北美洲,圣何塞,378 ms
172.66.1.146,SJC,北美洲,圣何塞,378 ms
104.16.98.99,SJC,北美洲,圣何塞,378 ms
104.18.167.129,SJC,北美洲,圣何塞,378 ms
1.1.1.147,SJC,北美洲,圣何塞,378 ms
1.0.0.65,SJC,北美洲,圣何塞,378 ms
104.17.186.184,SJC,北美洲,圣何塞,378 ms
104.17.14.227,SJC,北美洲,圣何塞,378 ms
104.19.206.189,SJC,北美洲,圣何塞,378 ms
104.16.70.62,SJC,北美洲,圣何塞,378 ms
104.17.212.164,SJC,北美洲,圣何塞,378 ms
104.16.169.34,SJC,北美洲,圣何塞,379 ms
1.0.0.71,SJC,北美洲,圣何塞,379 ms
104.18.101.1,SJC,北美洲,圣何塞,379 ms
104.18.96.148,SJC,北美洲,圣何塞,379 ms
172.64.93.150,SJC,北美洲,圣何塞,379 ms
104.18.11.17,SJC,北美洲,圣何塞,379 ms
185.146.173.63,SJC,北美洲,圣何塞,379 ms
162.159.239.235,SJC,北美洲,圣何塞,379 ms
89.117.112.117,SJC,北美洲,圣何塞,379 ms
162.159.13.11,SJC,北美洲,圣何塞,379 ms
1.0.0.178,SJC,北美洲,圣何塞,379 ms
45.12.31.135,SJC,北美洲,圣何塞,379 ms
188.164.248.252,SJC,北美洲,圣何塞,379 ms
188.164.158.56,SJC,北美洲,圣何塞,379 ms
104.16.2.239,SJC,北美洲,圣何塞,379 ms
104.16.111.3,SJC,北美洲,圣何塞,379 ms
104.17.249.186,SJC,北美洲,圣何塞,379 ms
1.1.1.116,SJC,北美洲,圣何塞,379 ms
192.133.11.98,SJC,北美洲,圣何塞,379 ms
104.17.164.20,SJC,北美洲,圣何塞,379 ms
162.159.207.29,SJC,北美洲,圣何塞,379 ms
1.0.0.110,SJC,北美洲,圣何塞,379 ms
104.19.228.207,SJC,北美洲,圣何塞,380 ms
1.0.0.232,SJC,北美洲,圣何塞,380 ms
198.41.207.34,SJC,北美洲,圣何塞,380 ms
172.65.206.251,SJC,北美洲,圣何塞,380 ms
1.1.1.236,SJC,北美洲,圣何塞,380 ms
1.1.1.99,SJC,北美洲,圣何塞,380 ms
172.64.90.61,SJC,北美洲,圣何塞,380 ms
104.16.53.27,SJC,北美洲,圣何塞,380 ms
104.16.83.186,SJC,北美洲,圣何塞,380 ms
104.19.156.196,SJC,北美洲,圣何塞,380 ms
93.114.64.161,SJC,北美洲,圣何塞,380 ms
1.1.1.233,SJC,北美洲,圣何塞,380 ms
104.16.25.122,SJC,北美洲,圣何塞,380 ms
141.11.202.106,SJC,北美洲,圣何塞,380 ms
162.159.12.121,SJC,北美洲,圣何塞,380 ms
172.64.151.22,SJC,北美洲,圣何塞,381 ms
104.18.208.171,SJC,北美洲,圣何塞,381 ms
104.16.154.18,SJC,北美洲,圣何塞,381 ms
104.18.10.243,SJC,北美洲,圣何塞,381 ms
1.1.1.235,SJC,北美洲,圣何塞,381 ms
162.159.152.135,SJC,北美洲,圣何塞,381 ms
172.66.44.195,SJC,北美洲,圣何塞,381 ms
1.1.1.92,SJC,北美洲,圣何塞,381 ms
104.17.218.49,SJC,北美洲,圣何塞,381 ms
104.18.251.233,SJC,北美洲,圣何塞,381 ms
104.18.130.242,SJC,北美洲,圣何塞,381 ms
140.99.233.96,SJC,北美洲,圣何塞,381 ms
104.16.56.110,SJC,北美洲,圣何塞,381 ms
104.17.127.183,SJC,北美洲,圣何塞,381 ms
104.17.23.99,SJC,北美洲,圣何塞,381 ms
172.64.157.109,SJC,北美洲,圣何塞,381 ms
172.64.84.220,SJC,北美洲,圣何塞,381 ms
104.17.61.161,SJC,北美洲,圣何塞,381 ms
1.1.1.221,SJC,北美洲,圣何塞,381 ms
104.16.16.205,SJC,北美洲,圣何塞,382 ms
104.27.94.17,IAD,北美洲,阿什本,382 ms
1.0.0.2,SJC,北美洲,圣何塞,382 ms
170.114.52.104,FRA,欧洲,法兰克福,382 ms
170.114.46.253,SJC,北美洲,圣何塞,382 ms
1.0.0.184,SJC,北美洲,圣何塞,382 ms
104.17.189.242,SJC,北美洲,圣何塞,382 ms
46.254.92.200,SJC,北美洲,圣何塞,382 ms
1.0.0.202,SJC,北美洲,圣何塞,382 ms
104.17.169.96,SJC,北美洲,圣何塞,382 ms
1.1.1.140,SJC,北美洲,圣何塞,382 ms
1.1.1.33,SJC,北美洲,圣何塞,382 ms
1.0.0.91,SJC,北美洲,圣何塞,383 ms
1.1.1.160,SJC,北美洲,圣何塞,383 ms
172.64.87.191,SJC,北美洲,圣何塞,383 ms
104.18.206.245,SJC,北美洲,圣何塞,383 ms
104.16.51.150,SJC,北美洲,圣何塞,383 ms
1.1.1.70,SJC,北美洲,圣何塞,383 ms
104.18.169.63,SJC,北美洲,圣何塞,383 ms
104.19.151.152,SJC,北美洲,圣何塞,383 ms
172.66.3.35,SJC,北美洲,圣何塞,383 ms
1.0.0.137,SJC,北美洲,圣何塞,383 ms
1.1.1.118,SJC,北美洲,圣何塞,383 ms
104.18.142.62,SJC,北美洲,圣何塞,383 ms
1.0.0.49,SJC,北美洲,圣何塞,383 ms
104.17.154.221,SJC,北美洲,圣何塞,383 ms
104.18.74.22,SJC,北美洲,圣何塞,384 ms
104.16.245.241,SJC,北美洲,圣何塞,384 ms
104.19.201.56,SJC,北美洲,圣何塞,384 ms
1.1.1.149,SJC,北美洲,圣何塞,384 ms
104.17.206.229,SJC,北美洲,圣何塞,384 ms
185.176.24.74,SJC,北美洲,圣何塞,384 ms
104.18.70.223,SJC,北美洲,圣何塞,384 ms
1.0.0.87,SJC,北美洲,圣何塞,384 ms
1.0.0.131,SJC,北美洲,圣何塞,384 ms
1.0.0.6,SJC,北美洲,圣何塞,384 ms
104.16.201.179,SJC,北美洲,圣何塞,384 ms
104.16.200.180,SJC,北美洲,圣何塞,384 ms
162.159.27.0,SJC,北美洲,圣何塞,384 ms
185.162.228.217,SJC,北美洲,圣何塞,384 ms
1.0.0.112,SJC,北美洲,圣何塞,384 ms
1.1.1.250,SJC,北美洲,圣何塞,384 ms
1.1.1.212,SJC,北美洲,圣何塞,385 ms
162.159.3.18,SJC,北美洲,圣何塞,385 ms
104.16.77.144,SJC,北美洲,圣何塞,385 ms
104.17.208.124,SJC,北美洲,圣何塞,385 ms
1.1.1.76,SJC,北美洲,圣何塞,385 ms
1.1.1.43,SJC,北美洲,圣何塞,385 ms
104.18.1.2,SJC,北美洲,圣何塞,385 ms
104.18.4.20,SJC,北美洲,圣何塞,385 ms
104.19.187.122,SJC,北美洲,圣何塞,385 ms
1.0.0.152,SJC,北美洲,圣何塞,385 ms
104.18.221.90,SJC,北美洲,圣何塞,385 ms
104.16.249.192,SJC,北美洲,圣何塞,385 ms
162.251.82.164,SJC,北美洲,圣何塞,385 ms
104.16.244.43,SJC,北美洲,圣何塞,385 ms
1.1.1.233,SJC,北美洲,圣何塞,385 ms
45.85.119.103,SJC,北美洲,圣何塞,385 ms
104.18.240.55,SJC,北美洲,圣何塞,385 ms
1.1.1.96,SJC,北美洲,圣何塞,385 ms
1.1.1.150,SJC,北美洲,圣何塞,385 ms
1.1.1.251,SJC,北美洲,圣何塞,385 ms
1.0.0.96,SJC,北美洲,圣何塞,385 ms
104.16.203.75,SJC,北美洲,圣何塞,385 ms
104.17.233.197,SJC,北美洲,圣何塞,386 ms
104.17.99.183,SJC,北美洲,圣何塞,386 ms
104.16.186.118,SJC,北美洲,圣何塞,386 ms
1.0.0.161,SJC,北美洲,圣何塞,386 ms
66.235.200.171,SJC,北美洲,圣何塞,386 ms
188.42.88.42,SJC,北美洲,圣何塞,386 ms
1.1.1.13,SJC,北美洲,圣何塞,386 ms
156.252.3.131,SJC,北美洲,圣何塞,386 ms
104.17.117.48,SJC,北美洲,圣何塞,386 ms
1.1.1.118,SJC,北美洲,圣何塞,386 ms
104.18.89.93,SJC,北美洲,圣何塞,386 ms
104.16.49.212,SJC,北美洲,圣何塞,386 ms
104.18.134.25,SJC,北美洲,圣何塞,386 ms
94.242.230.186,SJC,北美洲,圣何塞,386 ms
104.17.89.38,SJC,北美洲,圣何塞,386 ms
104.16.17.48,SJC,北美洲,圣何塞,387 ms
1.1.1.7,SJC,北美洲,圣何塞,387 ms
104.16.21.31,SJC,北美洲,圣何塞,387 ms
1.0.0.103,SJC,北美洲,圣何塞,387 ms
104.19.212.109,SJC,北美洲,圣何塞,387 ms
172.64.32.26,SJC,北美洲,圣何塞,387 ms
1.0.0.46,SJC,北美洲,圣何塞,387 ms
1.0.0.120,SJC,北美洲,圣何塞,387 ms
1.1.1.52,SJC,北美洲,圣何塞,387 ms
1.1.1.48,SJC,北美洲,圣何塞,387 ms
104.18.12.229,SJC,北美洲,圣何塞,387 ms
104.18.93.84,SJC,北美洲,圣何塞,387 ms
104.18.254.137,SJC,北美洲,圣何塞,387 ms
104.17.101.154,SJC,北美洲,圣何塞,387 ms
185.193.28.224,SJC,北美洲,圣何塞,387 ms
185.18.250.81,SJC,北美洲,圣何塞,387 ms
1.1.1.155,SJC,北美洲,圣何塞,387 ms
104.17.157.156,SJC,北美洲,圣何塞,387 ms
103.11.214.44,SJC,北美洲,圣何塞,387 ms
1.1.1.136,SJC,北美洲,圣何塞,387 ms
104.18.207.94,SJC,北美洲,圣何塞,387 ms
172.64.88.252,SJC,北美洲,圣何塞,388 ms
154.197.75.111,SJC,北美洲,圣何塞,388 ms
154.206.12.142,SJC,北美洲,圣何塞,388 ms
104.16.247.85,SJC,北美洲,圣何塞,388 ms
1.0.0.132,SJC,北美洲,圣何塞,388 ms
104.19.152.129,SJC,北美洲,圣何塞,388 ms
172.64.52.142,SJC,北美洲,圣何塞,388 ms
1.1.1.250,SJC,北美洲,圣何塞,388 ms
104.18.94.219,SJC,北美洲,圣何塞,388 ms
1.1.1.120,SJC,北美洲,圣何塞,388 ms
104.17.19.93,SJC,北美洲,圣何塞,388 ms
1.0.0.130,SJC,北美洲,圣何塞,388 ms
104.16.130.51,SJC,北美洲,圣何塞,388 ms
1.0.0.77,SJC,北美洲,圣何塞,388 ms
1.0.0.126,SJC,北美洲,圣何塞,388 ms
1.1.1.124,SJC,北美洲,圣何塞,388 ms
104.19.178.138,SJC,北美洲,圣何塞,388 ms
185.238.228.57,SJC,北美洲,圣何塞,389 ms
173.245.58.212,SJC,北美洲,圣何塞,389 ms
104.18.43.211,SJC,北美洲,圣何塞,389 ms
104.19.167.123,SJC,北美洲,圣何塞,389 ms
1.0.0.237,SJC,北美洲,圣何塞,389 ms
104.17.216.18,SJC,北美洲,圣何塞,389 ms
1.0.0.90,SJC,北美洲,圣何塞,389 ms
104.17.21.151,SJC,北美洲,圣何塞,389 ms
1.0.0.238,SJC,北美洲,圣何塞,389 ms
1.0.0.219,SJC,北美洲,圣何塞,389 ms
213.241.198.83,SJC,北美洲,圣何塞,389 ms
94.140.0.57,SJC,北美洲,圣何塞,389 ms
104.19.232.212,SJC,北美洲,圣何塞,389 ms
104.25.177.191,IAD,北美洲,阿什本,389 ms
198.41.219.112,SJC,北美洲,圣何塞,389 ms
1.1.1.25,SJC,北美洲,圣何塞,389 ms
104.16.106.150,SJC,北美洲,圣何塞,389 ms
1.1.1.110,SJC,北美洲,圣何塞,389 ms
104.19.166.123,SJC,北美洲,圣何塞,389 ms
1.0.0.165,SJC,北美洲,圣何塞,389 ms
104.17.231.191,SJC,北美洲,圣何塞,390 ms
104.18.104.52,SJC,北美洲,圣何塞,390 ms
23.227.60.249,SJC,北美洲,圣何塞,390 ms
1.0.0.8,SJC,北美洲,圣何塞,390 ms
1.0.0.118,SJC,北美洲,圣何塞,390 ms
1.0.0.121,SJC,北美洲,圣何塞,390 ms
1.0.0.41,SJC,北美洲,圣何塞,390 ms
104.19.198.218,SJC,北美洲,圣何塞,390 ms
104.19.234.163,SJC,北美洲,圣何塞,390 ms
1.0.0.228,SJC,北美洲,圣何塞,390 ms
1.0.0.220,SJC,北美洲,圣何塞,390 ms
1.0.0.237,SJC,北美洲,圣何塞,390 ms
104.19.239.82,SJC,北美洲,圣何塞,390 ms
104.19.208.123,SJC,北美洲,圣何塞,390 ms
1.0.0.151,SJC,北美洲,圣何塞,390 ms
1.1.1.88,SJC,北美洲,圣何塞,390 ms
104.18.174.94,SJC,北美洲,圣何塞,390 ms
104.16.178.44,SJC,北美洲,圣何塞,390 ms
104.16.60.142,SJC,北美洲,圣何塞,390 ms
89.47.57.212,SJC,北美洲,圣何塞,390 ms
104.19.159.205,SJC,北美洲,圣何塞,390 ms
104.19.163.39,SJC,北美洲,圣何塞,391 ms
1.0.0.54,SJC,北美洲,圣何塞,391 ms
1.1.1.119,SJC,北美洲,圣何塞,391 ms
104.18.233.101,SJC,北美洲,圣何塞,391 ms
1.0.0.156,SJC,北美洲,圣何塞,391 ms
172.64.144.19,SJC,北美洲,圣何塞,391 ms
104.18.195.61,SJC,北美洲,圣何塞,391 ms
1.1.1.48,SJC,北美洲,圣何塞,391 ms
45.131.6.164,SJC,北美洲,圣何塞,391 ms
45.131.5.183,SJC,北美洲,圣何塞,391 ms
1.1.1.163,SJC,北美洲,圣何塞,391 ms
185.193.29.204,SJC,北美洲,圣何塞,391 ms
104.17.3.154,SJC,北美洲,圣何塞,391 ms
104.17.47.245,SJC,北美洲,圣何塞,391 ms
1.0.0.246,SJC,北美洲,圣何塞,392 ms
1.0.0.87,SJC,北美洲,圣何塞,392 ms
1.1.1.175,SJC,北美洲,圣何塞,392 ms
104.19.188.193,SJC,北美洲,圣何塞,392 ms
162.159.18.61,SJC,北美洲,圣何塞,392 ms
1.0.0.240,SJC,北美洲,圣何塞,392 ms
172.64.150.23,SJC,北美洲,圣何塞,392 ms
1.0.0.119,SJC,北美洲,圣何塞,392 ms
1.1.1.137,SJC,北美洲,圣何塞,392 ms
104.27.12.124,IAD,北美洲,阿什本,392 ms
154.197.80.170,SJC,北美洲,圣何塞,392 ms
104.19.237.130,SJC,北美洲,圣何塞,392 ms
104.16.234.172,SJC,北美洲,圣何塞,392 ms
162.159.60.95,SJC,北美洲,圣何塞,392 ms
104.16.160.20,SJC,北美洲,圣何塞,392 ms
1.1.1.131,SJC,北美洲,圣何塞,392 ms
1.0.0.121,SJC,北美洲,圣何塞,392 ms
104.17.247.20,SJC,北美洲,圣何塞,392 ms
1.0.0.213,SJC,北美洲,圣何塞,392 ms
104.17.53.37,SJC,北美洲,圣何塞,392 ms
93.114.65.143,SJC,北美洲,圣何塞,392 ms
1.1.1.229,SJC,北美洲,圣何塞,393 ms
162.159.140.199,SJC,北美洲,圣何塞,393 ms
104.17.177.110,SJC,北美洲,圣何塞,393 ms
104.17.113.20,SJC,北美洲,圣何塞,393 ms
104.18.3.162,SJC,北美洲,圣何塞,393 ms
1.1.1.241,SJC,北美洲,圣何塞,393 ms
104.16.151.147,SJC,北美洲,圣何塞,393 ms
104.17.162.180,SJC,北美洲,圣何塞,393 ms
104.19.230.106,SJC,北美洲,圣何塞,393 ms
104.17.45.243,SJC,北美洲,圣何塞,393 ms
104.18.143.94,SJC,北美洲,圣何塞,393 ms
1.0.0.49,SJC,北美洲,圣何塞,393 ms
104.19.180.230,SJC,北美洲,圣何塞,393 ms
1.1.1.91,SJC,北美洲,圣何塞,393 ms
104.16.62.223,SJC,北美洲,圣何塞,393 ms
104.18.160.33,SJC,北美洲,圣何塞,393 ms
1.1.1.179,SJC,北美洲,圣何塞,393 ms
1.0.0.231,SJC,北美洲,圣何塞,393 ms
141.101.115.174,SJC,北美洲,圣何塞,393 ms
1.0.0.194,SJC,北美洲,圣何塞,393 ms
102.177.189.231,SJC,北美洲,圣何塞,393 ms
198.41.223.225,SJC,北美洲,圣何塞,393 ms
104.16.67.15,SJC,北美洲,圣何塞,394 ms
104.16.189.71,SJC,北美洲,圣何塞,394 ms
1.0.0.234,SJC,北美洲,圣何塞,394 ms
104.18.178.45,SJC,北美洲,圣何塞,394 ms
104.18.128.84,SJC,北美洲,圣何塞,394 ms
104.18.87.217,SJC,北美洲,圣何塞,394 ms
1.0.0.237,SJC,北美洲,圣何塞,394 ms
141.101.114.144,SJC,北美洲,圣何塞,394 ms
104.16.148.97,SJC,北美洲,圣何塞,394 ms
104.18.231.56,SJC,北美洲,圣何塞,394 ms
1.1.1.119,SJC,北美洲,圣何塞,394 ms
104.16.1.209,SJC,北美洲,圣何塞,394 ms
141.11.203.68,SJC,北美洲,圣何塞,394 ms
104.16.92.224,SJC,北美洲,圣何塞,395 ms
69.48.218.127,SJC,北美洲,圣何塞,395 ms
104.17.229.71,SJC,北美洲,圣何塞,395 ms
104.18.183.190,SJC,北美洲,圣何塞,395 ms
198.41.222.234,SJC,北美洲,圣何塞,395 ms
104.18.211.124,SJC,北美洲,圣何塞,395 ms
1.1.1.111,SJC,北美洲,圣何塞,395 ms
162.159.143.41,SJC,北美洲,圣何塞,395 ms
1.1.1.103,SJC,北美洲,圣何塞,395 ms
104.18.172.3,SJC,北美洲,圣何塞,395 ms
104.16.4.64,SJC,北美洲,圣何塞,395 ms
104.18.163.119,SJC,北美洲,圣何塞,395 ms
198.41.221.86,SJC,北美洲,圣何塞,395 ms
1.0.0.6,SJC,北美洲,圣何塞,395 ms
1.0.0.42,SJC,北美洲,圣何塞,395 ms
1.0.0.64,SJC,北美洲,圣何塞,395 ms
1.0.0.7,SJC,北美洲,圣何塞,395 ms
104.17.202.139,SJC,北美洲,圣何塞,395 ms
88.216.66.128,SJC,北美洲,圣何塞,395 ms
104.16.107.84,SJC,北美洲,圣何塞,395 ms
1.1.1.216,SJC,北美洲,圣何塞,395 ms
104.16.198.228,SJC,北美洲,圣何塞,395 ms
1.1.1.147,SJC,北美洲,圣何塞,395 ms
104.17.188.230,SJC,北美洲,圣何塞,395 ms
104.19.205.76,SJC,北美洲,圣何塞,396 ms
198.41.203.191,SJC,北美洲,圣何塞,396 ms
1.1.1.130,SJC,北美洲,圣何塞,396 ms
1.1.1.153,SJC,北美洲,圣何塞,396 ms
104.16.134.4,SJC,北美洲,圣何塞,396 ms
104.16.251.41,SJC,北美洲,圣何塞,396 ms
104.18.189.58,SJC,北美洲,圣何塞,396 ms
1.1.1.86,SJC,北美洲,圣何塞,396 ms
108.162.194.30,SJC,北美洲,圣何塞,396 ms
104.18.6.228,SJC,北美洲,圣何塞,396 ms
1.0.0.166,SJC,北美洲,圣何塞,396 ms
1.0.0.62,SJC,北美洲,圣何塞,396 ms
1.1.1.34,SJC,北美洲,圣何塞,396 ms
1.0.0.247,SJC,北美洲,圣何塞,396 ms
104.17.40.92,SJC,北美洲,圣何塞,396 ms
104.16.29.197,SJC,北美洲,圣何塞,396 ms
104.17.54.248,SJC,北美洲,圣何塞,396 ms
162.159.41.156,SJC,北美洲,圣何塞,396 ms
104.16.206.160,SJC,北美洲,圣何塞,397 ms
104.20.26.137,IAD,北美洲,阿什本,397 ms
104.18.7.243,SJC,北美洲,圣何塞,397 ms
104.18.65.215,SJC,北美洲,圣何塞,397 ms
104.24.139.202,IAD,北美洲,阿什本,397 ms
1.1.1.188,SJC,北美洲,圣何塞,397 ms
1.0.0.181,SJC,北美洲,圣何塞,397 ms
104.17.100.56,SJC,北美洲,圣何塞,397 ms
1.1.1.238,SJC,北美洲,圣何塞,397 ms
167.68.5.238,SJC,北美洲,圣何塞,397 ms
104.17.44.204,SJC,北美洲,圣何塞,397 ms
1.0.0.114,SJC,北美洲,圣何塞,397 ms
1.0.0.158,SJC,北美洲,圣何塞,397 ms
1.0.0.86,SJC,北美洲,圣何塞,397 ms
1.0.0.237,SJC,北美洲,圣何塞,397 ms
1.0.0.195,SJC,北美洲,圣何塞,397 ms
104.16.27.243,SJC,北美洲,圣何塞,397 ms
104.19.170.209,SJC,北美洲,圣何塞,397 ms
1.1.1.86,SJC,北美洲,圣何塞,397 ms
1.1.1.212,SJC,北美洲,圣何塞,397 ms
104.18.79.21,SJC,北美洲,圣何塞,398 ms
31.22.116.192,SJC,北美洲,圣何塞,398 ms
1.1.1.5,SJC,北美洲,圣何塞,398 ms
104.239.72.53,SJC,北美洲,圣何塞,398 ms
1.1.1.14,SJC,北美洲,圣何塞,398 ms
172.66.41.189,SJC,北美洲,圣何塞,398 ms
104.17.146.207,SJC,北美洲,圣何塞,398 ms
204.93.210.108,SJC,北美洲,圣何塞,398 ms
1.0.0.102,SJC,北美洲,圣何塞,398 ms
104.25.195.82,IAD,北美洲,阿什本,398 ms
1.0.0.59,SJC,北美洲,圣何塞,398 ms
89.116.250.189,SJC,北美洲,圣何塞,398 ms
1.0.0.142,SJC,北美洲,圣何塞,399 ms
104.17.102.233,SJC,北美洲,圣何塞,399 ms
104.17.200.201,SJC,北美洲,圣何塞,399 ms
104.18.86.159,SJC,北美洲,圣何塞,399 ms
1.0.0.207,SJC,北美洲,圣何塞,399 ms
104.18.15.123,SJC,北美洲,圣何塞,399 ms
1.0.0.193,SJC,北美洲,圣何塞,399 ms
1.0.0.15,SJC,北美洲,圣何塞,399 ms
104.17.182.194,SJC,北美洲,圣何塞,399 ms
1.0.0.99,SJC,北美洲,圣何塞,399 ms
31.43.179.44,SJC,北美洲,圣何塞,399 ms
104.19.150.241,SJC,北美洲,圣何塞,399 ms
162.159.11.86,SJC,北美洲,圣何塞,399 ms
104.24.26.52,IAD,北美洲,阿什本,399 ms
1.1.1.126,SJC,北美洲,圣何塞,399 ms
104.24.207.8,IAD,北美洲,阿什本,399 ms
14.102.228.219,SJC,北美洲,圣何塞,400 ms
104.18.64.117,SJC,北美洲,圣何塞,400 ms
172.64.86.131,SJC,北美洲,圣何塞,400 ms
172.64.83.79,SJC,北美洲,圣何塞,400 ms
162.159.1.43,SJC,北美洲,圣何塞,400 ms
103.172.111.107,SJC,北美洲,圣何塞,400 ms
1.0.0.226,SJC,北美洲,圣何塞,400 ms
213.109.205.110,SJC,北美洲,圣何塞,400 ms
172.66.42.134,SJC,北美洲,圣何塞,400 ms
104.19.235.82,SJC,北美洲,圣何塞,400 ms
1.0.0.139,SJC,北美洲,圣何塞,401 ms
190.93.246.77,SJC,北美洲,圣何塞,401 ms
104.17.121.154,SJC,北美洲,圣何塞,401 ms
172.64.48.40,SJC,北美洲,圣何塞,401 ms
1.0.0.134,SJC,北美洲,圣何塞,401 ms
104.17.207.39,SJC,北美洲,圣何塞,401 ms
1.0.0.137,SJC,北美洲,圣何塞,402 ms
1.1.1.226,SJC,北美洲,圣何塞,402 ms
104.18.226.93,SJC,北美洲,圣何塞,402 ms
104.16.146.29,SJC,北美洲,圣何塞,402 ms
104.17.243.225,SJC,北美洲,圣何塞,402 ms
92.53.189.183,SJC,北美洲,圣何塞,402 ms
104.18.184.133,SJC,北美洲,圣何塞,402 ms
1.1.1.35,SJC,北美洲,圣何塞,402 ms
104.16.141.153,SJC,北美洲,圣何塞,402 ms
104.16.140.161,SJC,北美洲,圣何塞,402 ms
1.1.1.61,SJC,北美洲,圣何塞,402 ms
86.38.214.227,SJC,北美洲,圣何塞,402 ms
1.1.1.197,SJC,北美洲,圣何塞,403 ms
103.169.142.166,SJC,北美洲,圣何塞,403 ms
104.18.72.144,SJC,北美洲,圣何塞,403 ms
104.18.152.236,SJC,北美洲,圣何塞,403 ms
104.16.225.226,SJC,北美洲,圣何塞,403 ms
104.18.176.203,SJC,北美洲,圣何塞,403 ms
104.18.209.67,SJC,北美洲,圣何塞,403 ms
104.18.0.215,SJC,北美洲,圣何塞,403 ms
1.0.0.245,SJC,北美洲,圣何塞,403 ms
104.19.147.100,SJC,北美洲,圣何塞,403 ms
45.159.217.64,SJC,北美洲,圣何塞,403 ms
176.124.223.6,SJC,北美洲,圣何塞,403 ms
104.19.190.47,SJC,北美洲,圣何塞,403 ms
45.135.235.173,SJC,北美洲,圣何塞,403 ms
104.16.227.66,SJC,北美洲,圣何塞,404 ms
104.16.174.186,SJC,北美洲,圣何塞,404 ms
104.16.19.6,SJC,北美洲,圣何塞,404 ms
104.16.229.29,SJC,北美洲,圣何塞,404 ms
89.47.56.212,SJC,北美洲,圣何塞,404 ms
104.254.140.222,SJC,北美洲,圣何塞,404 ms
1.0.0.238,SJC,北美洲,圣何塞,404 ms
198.41.201.16,SJC,北美洲,圣何塞,404 ms
104.16.97.234,SJC,北美洲,圣何塞,404 ms
104.19.177.76,SJC,北美洲,圣何塞,404 ms
1.1.1.13,SJC,北美洲,圣何塞,404 ms
172.64.95.115,SJC,北美洲,圣何塞,405 ms
104.16.30.48,SJC,北美洲,圣何塞,405 ms
1.0.0.20,SJC,北美洲,圣何塞,405 ms
1.1.1.79,SJC,北美洲,圣何塞,405 ms
1.1.1.74,SJC,北美洲,圣何塞,405 ms
104.16.188.46,SJC,北美洲,圣何塞,405 ms
1.0.0.164,SJC,北美洲,圣何塞,405 ms
104.18.73.61,SJC,北美洲,圣何塞,405 ms
104.17.199.133,SJC,北美洲,圣何塞,405 ms
162.159.196.57,SJC,北美洲,圣何塞,405 ms
193.9.49.9,SJC,北美洲,圣何塞,405 ms
104.19.146.84,SJC,北美洲,圣何塞,406 ms
104.19.238.141,SJC,北美洲,圣何塞,406 ms
104.19.144.7,SJC,北美洲,圣何塞,406 ms
185.162.230.227,SJC,北美洲,圣何塞,406 ms
104.18.151.140,SJC,北美洲,圣何塞,406 ms
155.46.213.86,SJC,北美洲,圣何塞,406 ms
104.18.80.206,SJC,北美洲,圣何塞,406 ms
1.1.1.172,SJC,北美洲,圣何塞,406 ms
104.17.172.3,SJC,北美洲,圣何塞,406 ms
1.1.1.166,SJC,北美洲,圣何塞,406 ms
1.0.0.170,SJC,北美洲,圣何塞,406 ms
203.22.241.82,SJC,北美洲,圣何塞,406 ms
94.242.229.166,SJC,北美洲,圣何塞,406 ms
104.18.150.244,SJC,北美洲,圣何塞,406 ms
1.0.0.7,SJC,北美洲,圣何塞,406 ms
162.159.22.35,SJC,北美洲,圣何塞,406 ms
104.16.23.66,SJC,北美洲,圣何塞,406 ms
192.65.217.152,SJC,北美洲,圣何塞,406 ms
104.18.98.3,SJC,北美洲,圣何塞,406 ms
1.0.0.118,SJC,北美洲,圣何塞,407 ms
104.17.12.247,SJC,北美洲,圣何塞,407 ms
1.1.1.78,SJC,北美洲,圣何塞,407 ms
1.0.0.235,SJC,北美洲,圣何塞,407 ms
104.16.66.33,SJC,北美洲,圣何塞,407 ms
1.1.1.213,SJC,北美洲,圣何塞,407 ms
104.16.177.41,SJC,北美洲,圣何塞,407 ms
170.114.45.145,SJC,北美洲,圣何塞,407 ms
104.16.252.232,SJC,北美洲,圣何塞,408 ms
104.18.140.206,SJC,北美洲,圣何塞,408 ms
104.18.10.142,SJC,北美洲,圣何塞,408 ms
104.17.49.7,SJC,北美洲,圣何塞,408 ms
1.0.0.45,SJC,北美洲,圣何塞,408 ms
104.17.30.112,SJC,北美洲,圣何塞,409 ms
147.185.161.164,SJC,北美洲,圣何塞,409 ms
1.1.1.169,SJC,北美洲,圣何塞,409 ms
1.0.0.161,SJC,北美洲,圣何塞,409 ms
104.16.61.132,SJC,北美洲,圣何塞,409 ms
104.17.109.195,SJC,北美洲,圣何塞,409 ms
104.16.3.165,SJC,北美洲,圣何塞,409 ms
1.0.0.205,SJC,北美洲,圣何塞,409 ms
1.0.0.49,SJC,北美洲,圣何塞,409 ms
104.19.207.39,SJC,北美洲,圣何塞,409 ms
104.16.6.246,SJC,北美洲,圣何塞,410 ms
104.16.26.173,SJC,北美洲,圣何塞,410 ms
198.41.204.229,SJC,北美洲,圣何塞,410 ms
104.19.200.20,SJC,北美洲,圣何塞,410 ms
1.1.1.197,SJC,北美洲,圣何塞,410 ms
104.16.150.161,SJC,北美洲,圣何塞,410 ms
104.16.224.136,SJC,北美洲,圣何塞,410 ms
104.17.51.181,SJC,北美洲,圣何塞,410 ms
205.233.181.251,SJC,北美洲,圣何塞,410 ms
1.0.0.242,SJC,北美洲,圣何塞,410 ms
1.0.0.230,SJC,北美洲,圣何塞,410 ms
1.0.0.2,SJC,北美洲,圣何塞,411 ms
104.17.234.153,SJC,北美洲,圣何塞,411 ms
162.159.19.239,SJC,北美洲,圣何塞,411 ms
104.17.184.105,SJC,北美洲,圣何塞,411 ms
1.0.0.127,SJC,北美洲,圣何塞,411 ms
1.0.0.84,SJC,北美洲,圣何塞,411 ms
1.0.0.86,SJC,北美洲,圣何塞,411 ms
104.18.88.230,SJC,北美洲,圣何塞,411 ms
104.18.136.253,SJC,北美洲,圣何塞,411 ms
104.24.55.71,IAD,北美洲,阿什本,412 ms
162.159.10.7,SJC,北美洲,圣何塞,412 ms
104.16.132.228,SJC,北美洲,圣何塞,412 ms
104.16.153.234,SJC,北美洲,圣何塞,412 ms
104.20.201.1,IAD,北美洲,阿什本,413 ms
104.18.249.2,SJC,北美洲,圣何塞,413 ms
1.0.0.152,SJC,北美洲,圣何塞,413 ms
104.17.251.133,SJC,北美洲,圣何塞,413 ms
1.1.1.126,SJC,北美洲,圣何塞,413 ms
104.16.75.211,SJC,北美洲,圣何塞,413 ms
1.0.0.43,SJC,北美洲,圣何塞,413 ms
104.16.155.25,SJC,北美洲,圣何塞,413 ms
156.229.48.173,SJC,北美洲,圣何塞,414 ms
141.193.213.188,SJC,北美洲,圣何塞,414 ms
104.17.123.107,SJC,北美洲,圣何塞,414 ms
104.18.200.152,SJC,北美洲,圣何塞,414 ms
104.16.90.142,SJC,北美洲,圣何塞,414 ms
104.17.240.238,SJC,北美洲,圣何塞,414 ms
104.19.221.142,SJC,北美洲,圣何塞,415 ms
104.18.66.211,SJC,北美洲,圣何塞,415 ms
104.17.165.107,SJC,北美洲,圣何塞,415 ms
1.0.0.68,SJC,北美洲,圣何塞,415 ms
104.18.42.109,SJC,北美洲,圣何塞,415 ms
91.193.58.209,SJC,北美洲,圣何塞,415 ms
89.116.46.97,SJC,北美洲,圣何塞,415 ms
1.1.1.60,SJC,北美洲,圣何塞,415 ms
45.131.4.66,SJC,北美洲,圣何塞,415 ms
185.135.9.246,SJC,北美洲,圣何塞,416 ms
104.20.210.63,IAD,北美洲,阿什本,416 ms
104.20.194.184,IAD,北美洲,阿什本,416 ms
104.20.129.99,IAD,北美洲,阿什本,416 ms
1.0.0.209,SJC,北美洲,圣何塞,416 ms
172.64.50.71,SJC,北美洲,圣何塞,416 ms
102.177.176.148,SJC,北美洲,圣何塞,417 ms
154.197.88.43,SJC,北美洲,圣何塞,419 ms
1.0.0.164,SJC,北美洲,圣何塞,419 ms
1.0.0.17,SJC,北美洲,圣何塞,420 ms
1.0.0.152,SJC,北美洲,圣何塞,420 ms
194.152.44.28,SJC,北美洲,圣何塞,421 ms
195.85.59.126,SJC,北美洲,圣何塞,421 ms
1.0.0.29,SJC,北美洲,圣何塞,421 ms
1.0.0.29,SJC,北美洲,圣何塞,422 ms
104.17.149.92,SJC,北美洲,圣何塞,422 ms
104.18.214.189,SJC,北美洲,圣何塞,422 ms
1.1.1.166,SJC,北美洲,圣何塞,422 ms
104.16.71.134,SJC,北美洲,圣何塞,422 ms
104.24.18.98,IAD,北美洲,阿什本,423 ms
104.17.198.88,SJC,北美洲,圣何塞,423 ms
104.25.34.136,IAD,北美洲,阿什本,423 ms
185.148.106.157,SJC,北美洲,圣何塞,423 ms
104.18.244.183,SJC,北美洲,圣何塞,424 ms
185.38.135.227,SJC,北美洲,圣何塞,425 ms
104.19.214.10,SJC,北美洲,圣何塞,425 ms
172.64.41.90,SJC,北美洲,圣何塞,425 ms
104.20.29.235,IAD,北美洲,阿什本,426 ms
198.41.215.80,SJC,北美洲,圣何塞,426 ms
104.16.230.9,SJC,北美洲,圣何塞,426 ms
1.0.0.219,SJC,北美洲,圣何塞,426 ms
104.18.5.166,SJC,北美洲,圣何塞,426 ms
1.1.1.240,SJC,北美洲,圣何塞,426 ms
1.1.1.81,SJC,北美洲,圣何塞,426 ms
172.64.80.134,SJC,北美洲,圣何塞,427 ms
104.16.129.126,SJC,北美洲,圣何塞,428 ms
1.1.1.38,SJC,北美洲,圣何塞,429 ms
162.159.7.10,SJC,北美洲,圣何塞,429 ms
104.25.249.247,IAD,北美洲,阿什本,430 ms
104.20.205.107,IAD,北美洲,阿什本,430 ms
172.67.7.246,IAD,北美洲,阿什本,432 ms
104.20.202.238,IAD,北美洲,阿什本,433 ms
104.20.134.251,IAD,北美洲,阿什本,437 ms
104.25.71.62,IAD,北美洲,阿什本,437 ms
104.25.32.52,IAD,北美洲,阿什本,437 ms
104.24.62.146,IAD,北美洲,阿什本,439 ms
104.24.186.16,IAD,北美洲,阿什本,439 ms
104.25.223.234,IAD,北美洲,阿什本,440 ms
172.67.52.70,IAD,北美洲,阿什本,441 ms
104.24.241.42,IAD,北美洲,阿什本,443 ms
104.25.132.92,IAD,北美洲,阿什本,443 ms
104.25.65.127,IAD,北美洲,阿什本,444 ms
172.67.81.185,IAD,北美洲,阿什本,444 ms
172.67.70.151,IAD,北美洲,阿什本,445 ms
104.21.232.173,LAX,北美洲,洛杉矶,445 ms
104.27.35.188,IAD,北美洲,阿什本,445 ms
104.25.246.137,IAD,北美洲,阿什本,446 ms
104.25.243.182,IAD,北美洲,阿什本,446 ms
104.19.143.185,LAX,北美洲,洛杉矶,448 ms
104.20.86.252,IAD,北美洲,阿什本,448 ms
104.25.193.218,IAD,北美洲,阿什本,449 ms
104.25.120.74,IAD,北美洲,阿什本,449 ms
104.20.152.92,IAD,北美洲,阿什本,449 ms
104.25.219.187,IAD,北美洲,阿什本,451 ms
104.23.109.209,IAD,北美洲,阿什本,452 ms
104.20.138.132,IAD,北美洲,阿什本,453 ms
162.159.250.94,LAX,北美洲,洛杉矶,453 ms
104.25.61.95,IAD,北美洲,阿什本,454 ms
104.25.69.170,IAD,北美洲,阿什本,456 ms
104.20.84.42,IAD,北美洲,阿什本,456 ms
104.27.5.168,IAD,北美洲,阿什本,457 ms
104.20.234.41,IAD,北美洲,阿什本,457 ms
172.67.76.150,IAD,北美洲,阿什本,457 ms
104.20.235.57,IAD,北美洲,阿什本,458 ms
104.20.174.36,IAD,北美洲,阿什本,458 ms
104.19.128.121,LAX,北美洲,洛杉矶,459 ms
104.23.108.234,IAD,北美洲,阿什本,460 ms
172.67.71.229,IAD,北美洲,阿什本,460 ms
104.20.6.54,IAD,北美洲,阿什本,463 ms
104.20.74.145,IAD,北美洲,阿什本,464 ms
104.25.52.237,IAD,北美洲,阿什本,465 ms
104.20.47.230,IAD,北美洲,阿什本,465 ms
104.27.39.118,IAD,北美洲,阿什本,467 ms
104.24.42.30,IAD,北美洲,阿什本,467 ms
172.67.91.14,IAD,北美洲,阿什本,468 ms
104.20.246.17,IAD,北美洲,阿什本,469 ms
104.20.79.239,IAD,北美洲,阿什本,470 ms
104.25.141.178,IAD,北美洲,阿什本,470 ms
104.22.12.5,IAD,北美洲,阿什本,470 ms
104.25.183.126,IAD,北美洲,阿什本,471 ms
104.20.48.170,IAD,北美洲,阿什本,471 ms
104.20.14.146,IAD,北美洲,阿什本,472 ms
104.24.215.9,IAD,北美洲,阿什本,474 ms
172.67.114.38,IAD,北美洲,阿什本,475 ms
162.159.241.183,LAX,北美洲,洛杉矶,475 ms
172.67.89.208,IAD,北美洲,阿什本,476 ms
104.23.107.61,IAD,北美洲,阿什本,476 ms
104.25.216.60,IAD,北美洲,阿什本,477 ms
104.20.70.70,IAD,北美洲,阿什本,478 ms
104.25.205.12,IAD,北美洲,阿什本,478 ms
104.27.56.14,IAD,北美洲,阿什本,478 ms
104.25.50.103,IAD,北美洲,阿什本,479 ms
104.27.108.13,IAD,北美洲,阿什本,480 ms
104.25.194.228,IAD,北美洲,阿什本,481 ms
104.27.45.185,IAD,北美洲,阿什本,481 ms
104.25.176.215,IAD,北美洲,阿什本,482 ms
104.23.103.169,IAD,北美洲,阿什本,483 ms
104.20.0.185,IAD,北美洲,阿什本,484 ms
162.159.252.225,LAX,北美洲,洛杉矶,485 ms
104.27.101.173,IAD,北美洲,阿什本,486 ms
104.24.208.233,IAD,北美洲,阿什本,486 ms
104.27.2.169,IAD,北美洲,阿什本,487 ms
104.27.16.161,IAD,北美洲,阿什本,488 ms
104.25.234.235,IAD,北美洲,阿什本,488 ms
104.23.127.113,IAD,北美洲,阿什本,488 ms
104.25.145.58,IAD,北美洲,阿什本,489 ms
104.27.99.223,IAD,北美洲,阿什本,489 ms
172.67.122.22,IAD,北美洲,阿什本,489 ms
172.67.98.201,IAD,北美洲,阿什本,490 ms
104.25.190.234,IAD,北美洲,阿什本,490 ms
104.20.144.1,IAD,北美洲,阿什本,492 ms
104.27.23.4,IAD,北美洲,阿什本,492 ms
104.25.208.52,IAD,北美洲,阿什本,493 ms
104.20.192.41,IAD,北美洲,阿什本,493 ms
104.20.19.0,IAD,北美洲,阿什本,493 ms
104.20.59.98,IAD,北美洲,阿什本,495 ms
172.67.1.133,IAD,北美洲,阿什本,495 ms
104.24.206.180,IAD,北美洲,阿什本,495 ms
104.27.122.24,IAD,北美洲,阿什本,496 ms
104.25.149.47,IAD,北美洲,阿什本,496 ms
104.24.171.137,IAD,北美洲,阿什本,497 ms
104.24.56.29,IAD,北美洲,阿什本,499 ms
104.27.85.34,IAD,北美洲,阿什本,500 ms
104.20.53.10,IAD,北美洲,阿什本,501 ms
104.20.136.237,IAD,北美洲,阿什本,501 ms
104.27.67.209,IAD,北美洲,阿什本,502 ms
104.25.152.168,IAD,北美洲,阿什本,503 ms
104.23.117.228,IAD,北美洲,阿什本,504 ms
104.24.201.239,IAD,北美洲,阿什本,504 ms
104.24.61.180,IAD,北美洲,阿什本,504 ms
104.24.194.40,IAD,北美洲,阿什本,505 ms
104.27.13.165,IAD,北美洲,阿什本,505 ms
104.25.134.82,IAD,北美洲,阿什本,508 ms
104.20.214.10,IAD,北美洲,阿什本,508 ms
104.24.28.102,IAD,北美洲,阿什本,509 ms
104.20.112.33,IAD,北美洲,阿什本,509 ms
172.67.67.131,IAD,北美洲,阿什本,510 ms
104.24.11.2,IAD,北美洲,阿什本,511 ms
104.24.54.232,IAD,北美洲,阿什本,511 ms
104.27.113.72,IAD,北美洲,阿什本,511 ms
104.20.146.85,IAD,北美洲,阿什本,513 ms
104.20.153.198,IAD,北美洲,阿什本,514 ms
104.25.225.231,IAD,北美洲,阿什本,514 ms
104.25.254.89,IAD,北美洲,阿什本,515 ms
104.25.98.222,IAD,北美洲,阿什本,515 ms
104.22.70.211,IAD,北美洲,阿什本,516 ms
104.20.119.97,IAD,北美洲,阿什本,516 ms
172.67.73.42,IAD,北美洲,阿什本,516 ms
104.27.4.31,IAD,北美洲,阿什本,516 ms
104.24.163.183,IAD,北美洲,阿什本,517 ms
172.67.109.195,IAD,北美洲,阿什本,519 ms
104.24.237.233,IAD,北美洲,阿什本,519 ms
104.26.2.1,IAD,北美洲,阿什本,520 ms
104.23.105.111,IAD,北美洲,阿什本,520 ms
104.27.15.54,IAD,北美洲,阿什本,522 ms
104.20.176.127,IAD,北美洲,阿什本,523 ms
104.24.209.92,IAD,北美洲,阿什本,524 ms
104.25.199.2,IAD,北美洲,阿什本,525 ms
172.67.80.170,IAD,北美洲,阿什本,525 ms
104.25.244.185,IAD,北美洲,阿什本,525 ms
104.23.122.11,IAD,北美洲,阿什本,526 ms
104.24.4.18,IAD,北美洲,阿什本,526 ms
104.24.88.140,IAD,北美洲,阿什本,526 ms
104.20.39.120,IAD,北美洲,阿什本,527 ms
172.67.88.195,IAD,北美洲,阿什本,527 ms
104.24.243.169,IAD,北美洲,阿什本,528 ms
104.20.13.57,IAD,北美洲,阿什本,528 ms
104.20.2.82,IAD,北美洲,阿什本,530 ms
104.24.205.3,IAD,北美洲,阿什本,530 ms
104.24.213.191,IAD,北美洲,阿什本,531 ms
104.25.230.111,IAD,北美洲,阿什本,531 ms
104.24.210.219,IAD,北美洲,阿什本,532 ms
104.22.35.38,IAD,北美洲,阿什本,532 ms
104.25.92.18,IAD,北美洲,阿什本,532 ms
104.20.101.61,IAD,北美洲,阿什本,533 ms
104.22.34.76,IAD,北美洲,阿什本,534 ms
104.24.244.72,IAD,北美洲,阿什本,534 ms
104.20.91.9,IAD,北美洲,阿什本,535 ms
104.24.45.42,IAD,北美洲,阿什本,536 ms
104.22.39.114,IAD,北美洲,阿什本,538 ms
104.20.247.87,IAD,北美洲,阿什本,538 ms
104.25.215.143,IAD,北美洲,阿什本,538 ms
104.25.67.56,IAD,北美洲,阿什本,538 ms
104.25.123.146,IAD,北美洲,阿什本,539 ms
104.25.130.135,IAD,北美洲,阿什本,539 ms
104.25.240.109,IAD,北美洲,阿什本,540 ms
172.67.0.253,IAD,北美洲,阿什本,540 ms
104.20.166.146,IAD,北美洲,阿什本,541 ms
104.25.29.112,IAD,北美洲,阿什本,541 ms
104.25.179.8,IAD,北美洲,阿什本,541 ms
104.27.80.220,IAD,北美洲,阿什本,544 ms
104.25.247.196,IAD,北美洲,阿什本,544 ms
104.20.103.236,IAD,北美洲,阿什本,544 ms
104.27.118.154,IAD,北美洲,阿什本,545 ms
104.25.18.125,IAD,北美洲,阿什本,545 ms
104.27.18.205,IAD,北美洲,阿什本,545 ms
104.24.169.34,IAD,北美洲,阿什本,545 ms
104.27.114.135,IAD,北美洲,阿什本,545 ms
172.67.57.166,IAD,北美洲,阿什本,546 ms
104.20.117.180,IAD,北美洲,阿什本,546 ms
104.20.96.221,IAD,北美洲,阿什本,546 ms
104.25.27.141,IAD,北美洲,阿什本,547 ms
104.27.105.254,IAD,北美洲,阿什本,548 ms
104.20.133.14,IAD,北美洲,阿什本,548 ms
104.25.155.107,IAD,北美洲,阿什本,549 ms
104.24.3.72,IAD,北美洲,阿什本,549 ms
104.24.176.221,IAD,北美洲,阿什本,549 ms
104.20.102.23,IAD,北美洲,阿什本,549 ms
104.22.14.147,IAD,北美洲,阿什本,549 ms
104.27.41.18,IAD,北美洲,阿什本,550 ms
104.27.55.175,IAD,北美洲,阿什本,550 ms
104.27.90.69,IAD,北美洲,阿什本,550 ms
104.24.179.218,IAD,北美洲,阿什本,550 ms
104.20.231.7,IAD,北美洲,阿什本,550 ms
104.20.80.138,IAD,北美洲,阿什本,551 ms
104.25.250.132,IAD,北美洲,阿什本,552 ms
104.24.173.165,IAD,北美洲,阿什本,553 ms
104.20.251.41,IAD,北美洲,阿什本,553 ms
104.24.226.32,IAD,北美洲,阿什本,553 ms
104.24.92.7,IAD,北美洲,阿什本,555 ms
104.24.211.119,IAD,北美洲,阿什本,555 ms
172.67.92.104,IAD,北美洲,阿什本,555 ms
104.20.130.86,IAD,北美洲,阿什本,555 ms
172.67.9.104,IAD,北美洲,阿什本,556 ms
104.25.54.176,IAD,北美洲,阿什本,556 ms
104.20.227.147,IAD,北美洲,阿什本,556 ms
104.25.55.154,IAD,北美洲,阿什本,556 ms
172.67.113.133,IAD,北美洲,阿什本,556 ms
104.27.124.189,IAD,北美洲,阿什本,556 ms
104.24.203.144,IAD,北美洲,阿什本,557 ms
104.25.40.101,IAD,北美洲,阿什本,557 ms
104.25.146.102,IAD,北美洲,阿什本,557 ms
104.20.45.62,IAD,北美洲,阿什本,557 ms
104.20.140.236,IAD,北美洲,阿什本,557 ms
104.24.214.49,IAD,北美洲,阿什本,557 ms
104.20.212.170,IAD,北美洲,阿什本,557 ms
104.22.79.119,IAD,北美洲,阿什本,558 ms
104.22.2.97,IAD,北美洲,阿什本,558 ms
104.20.190.140,IAD,北美洲,阿什本,559 ms
104.24.172.44,IAD,北美洲,阿什本,560 ms
104.25.24.67,IAD,北美洲,阿什本,560 ms
104.21.228.240,LAX,北美洲,洛杉矶,560 ms
104.25.59.55,IAD,北美洲,阿什本,561 ms
172.67.58.117,IAD,北美洲,阿什本,562 ms
104.24.220.2,IAD,北美洲,阿什本,562 ms
104.24.174.92,IAD,北美洲,阿什本,562 ms
104.25.86.203,IAD,北美洲,阿什本,563 ms
104.20.188.61,IAD,北美洲,阿什本,563 ms
104.24.1.46,IAD,北美洲,阿什本,564 ms
104.25.38.110,IAD,北美洲,阿什本,564 ms
104.24.170.101,IAD,北美洲,阿什本,564 ms
172.67.51.102,IAD,北美洲,阿什本,564 ms
104.20.186.12,IAD,北美洲,阿什本,565 ms
104.25.228.110,IAD,北美洲,阿什本,565 ms
104.20.115.65,IAD,北美洲,阿什本,565 ms
104.27.93.119,IAD,北美洲,阿什本,565 ms
104.24.145.99,IAD,北美洲,阿什本,565 ms
104.24.168.165,IAD,北美洲,阿什本,566 ms
104.25.221.230,IAD,北美洲,阿什本,566 ms
104.27.97.105,IAD,北美洲,阿什本,566 ms
104.22.45.218,IAD,北美洲,阿什本,567 ms
104.27.112.54,IAD,北美洲,阿什本,567 ms
104.20.34.87,IAD,北美洲,阿什本,567 ms
104.23.120.223,IAD,北美洲,阿什本,568 ms
104.22.5.30,IAD,北美洲,阿什本,568 ms
172.67.105.249,IAD,北美洲,阿什本,569 ms
104.22.9.92,IAD,北美洲,阿什本,569 ms
104.24.178.122,IAD,北美洲,阿什本,569 ms
172.67.84.141,IAD,北美洲,阿什本,569 ms
104.25.224.212,IAD,北美洲,阿什本,569 ms
104.24.195.18,IAD,北美洲,阿什本,569 ms
104.20.7.59,IAD,北美洲,阿什本,570 ms
104.20.143.54,IAD,北美洲,阿什本,570 ms
104.24.232.155,IAD,北美洲,阿什本,570 ms
104.24.66.136,IAD,北美洲,阿什本,570 ms
104.25.142.23,IAD,北美洲,阿什本,571 ms
104.24.166.239,IAD,北美洲,阿什本,572 ms
104.24.212.116,IAD,北美洲,阿什本,572 ms
172.67.118.19,IAD,北美洲,阿什本,572 ms
104.20.105.3,IAD,北美洲,阿什本,572 ms
104.27.127.84,IAD,北美洲,阿什本,573 ms
104.20.191.157,IAD,北美洲,阿什本,573 ms
104.20.87.61,IAD,北美洲,阿什本,573 ms
104.25.64.26,IAD,北美洲,阿什本,573 ms
104.22.67.208,IAD,北美洲,阿什本,573 ms
104.24.202.200,IAD,北美洲,阿什本,574 ms
104.25.138.65,IAD,北美洲,阿什本,575 ms
104.20.4.9,IAD,北美洲,阿什本,576 ms
104.24.234.182,IAD,北美洲,阿什本,576 ms
104.25.97.51,IAD,北美洲,阿什本,576 ms
104.27.61.67,IAD,北美洲,阿什本,576 ms
104.25.248.174,IAD,北美洲,阿什本,577 ms
104.23.98.252,IAD,北美洲,阿什本,578 ms
104.25.28.12,IAD,北美洲,阿什本,578 ms
104.25.236.47,IAD,北美洲,阿什本,579 ms
104.22.36.40,IAD,北美洲,阿什本,579 ms
104.24.46.203,IAD,北美洲,阿什本,579 ms
104.25.173.109,IAD,北美洲,阿什本,579 ms
104.25.127.148,IAD,北美洲,阿什本,580 ms
104.24.224.124,IAD,北美洲,阿什本,580 ms
104.20.183.97,IAD,北美洲,阿什本,580 ms
104.24.160.91,IAD,北美洲,阿什本,581 ms
172.67.8.214,IAD,北美洲,阿什本,581 ms
104.20.239.177,IAD,北美洲,阿什本,581 ms
104.24.141.245,IAD,北美洲,阿什本,582 ms
104.24.140.122,IAD,北美洲,阿什本,582 ms
104.23.97.227,IAD,北美洲,阿什本,582 ms
104.20.24.198,IAD,北美洲,阿什本,582 ms
104.20.99.214,IAD,北美洲,阿什本,583 ms
172.67.55.255,IAD,北美洲,阿什本,583 ms
104.20.40.47,IAD,北美洲,阿什本,583 ms
104.27.98.224,IAD,北美洲,阿什本,583 ms
104.20.237.16,IAD,北美洲,阿什本,583 ms
104.24.221.17,IAD,北美洲,阿什本,583 ms
104.20.151.213,IAD,北美洲,阿什本,583 ms
104.25.96.160,IAD,北美洲,阿什本,584 ms
104.20.181.253,IAD,北美洲,阿什本,584 ms
104.26.5.146,IAD,北美洲,阿什本,584 ms
104.27.102.251,IAD,北美洲,阿什本,584 ms
104.20.155.232,IAD,北美洲,阿什本,584 ms
104.24.157.103,IAD,北美洲,阿什本,584 ms
104.24.161.199,IAD,北美洲,阿什本,584 ms
104.24.2.105,IAD,北美洲,阿什本,584 ms
104.20.75.228,IAD,北美洲,阿什本,585 ms
104.24.68.158,IAD,北美洲,阿什本,585 ms
104.20.122.169,IAD,北美洲,阿什本,585 ms
104.22.1.202,IAD,北美洲,阿什本,585 ms
104.24.79.11,IAD,北美洲,阿什本,585 ms
104.25.214.151,IAD,北美洲,阿什本,585 ms
104.20.208.209,IAD,北美洲,阿什本,585 ms
104.20.244.163,IAD,北美洲,阿什本,586 ms
104.25.202.164,IAD,北美洲,阿什本,586 ms
104.24.239.37,IAD,北美洲,阿什本,586 ms
104.25.6.160,IAD,北美洲,阿什本,586 ms
104.24.80.227,IAD,北美洲,阿什本,586 ms
104.20.224.198,IAD,北美洲,阿什本,586 ms
104.25.159.162,IAD,北美洲,阿什本,586 ms
104.25.156.214,IAD,北美洲,阿什本,586 ms
172.67.6.90,IAD,北美洲,阿什本,586 ms
104.25.189.131,IAD,北美洲,阿什本,586 ms
104.20.55.232,IAD,北美洲,阿什本,587 ms
104.25.148.25,IAD,北美洲,阿什本,587 ms
104.20.193.130,IAD,北美洲,阿什本,587 ms
104.20.226.164,IAD,北美洲,阿什本,587 ms
172.67.77.200,IAD,北美洲,阿什本,587 ms
104.27.121.62,IAD,北美洲,阿什本,587 ms
104.20.197.130,IAD,北美洲,阿什本,587 ms
172.67.112.3,IAD,北美洲,阿什本,587 ms
104.25.150.242,IAD,北美洲,阿什本,587 ms
104.24.6.224,IAD,北美洲,阿什本,587 ms
104.25.103.248,IAD,北美洲,阿什本,588 ms
104.20.211.94,IAD,北美洲,阿什本,588 ms
104.20.253.236,IAD,北美洲,阿什本,588 ms
104.20.221.4,IAD,北美洲,阿什本,588 ms
172.67.85.217,IAD,北美洲,阿什本,588 ms
104.24.32.39,IAD,北美洲,阿什本,588 ms
104.20.20.110,IAD,北美洲,阿什本,589 ms
104.27.20.115,IAD,北美洲,阿什本,589 ms
104.20.95.91,IAD,北美洲,阿什本,589 ms
172.67.66.50,IAD,北美洲,阿什本,589 ms
104.26.0.224,IAD,北美洲,阿什本,589 ms
104.24.9.70,IAD,北美洲,阿什本,589 ms
104.26.12.4,IAD,北美洲,阿什本,589 ms
104.24.27.161,IAD,北美洲,阿什本,589 ms
104.27.79.108,IAD,北美洲,阿什本,590 ms
104.24.5.239,IAD,北美洲,阿什本,590 ms
104.22.72.46,IAD,北美洲,阿什本,590 ms
104.24.150.98,IAD,北美洲,阿什本,590 ms
104.20.49.177,IAD,北美洲,阿什本,590 ms
104.25.217.7,IAD,北美洲,阿什本,590 ms
104.24.72.157,IAD,北美洲,阿什本,590 ms
104.27.81.139,IAD,北美洲,阿什本,590 ms
104.27.51.184,IAD,北美洲,阿什本,591 ms
104.20.204.102,IAD,北美洲,阿什本,591 ms
104.24.91.232,IAD,北美洲,阿什本,591 ms
104.20.128.179,IAD,北美洲,阿什本,591 ms
104.24.146.17,IAD,北美洲,阿什本,591 ms
104.27.42.48,IAD,北美洲,阿什本,591 ms
104.20.123.254,IAD,北美洲,阿什本,591 ms
104.25.211.167,IAD,北美洲,阿什本,591 ms
104.25.108.87,IAD,北美洲,阿什本,591 ms
104.24.225.107,IAD,北美洲,阿什本,591 ms
104.27.38.170,IAD,北美洲,阿什本,591 ms
104.20.180.223,IAD,北美洲,阿什本,592 ms
104.20.131.175,IAD,北美洲,阿什本,592 ms
104.24.223.201,IAD,北美洲,阿什本,592 ms
104.20.83.107,IAD,北美洲,阿什本,592 ms
104.20.11.226,IAD,北美洲,阿什本,592 ms
104.25.114.39,IAD,北美洲,阿什本,592 ms
104.20.198.68,IAD,北美洲,阿什本,592 ms
104.24.177.183,IAD,北美洲,阿什本,592 ms
172.67.12.142,IAD,北美洲,阿什本,592 ms
104.20.249.196,IAD,北美洲,阿什本,592 ms
104.25.4.110,IAD,北美洲,阿什本,592 ms
104.25.167.238,IAD,北美洲,阿什本,592 ms
104.25.10.193,IAD,北美洲,阿什本,592 ms
104.20.33.133,IAD,北美洲,阿什本,592 ms
104.25.58.200,IAD,北美洲,阿什本,592 ms
104.27.58.167,IAD,北美洲,阿什本,593 ms
104.25.172.236,IAD,北美洲,阿什本,593 ms
104.24.59.172,IAD,北美洲,阿什本,593 ms
104.25.251.214,IAD,北美洲,阿什本,593 ms
104.24.151.154,IAD,北美洲,阿什本,593 ms
104.25.94.139,IAD,北美洲,阿什本,593 ms
104.24.53.49,IAD,北美洲,阿什本,593 ms
104.27.119.55,IAD,北美洲,阿什本,593 ms
172.67.121.55,IAD,北美洲,阿什本,593 ms
104.27.83.164,IAD,北美洲,阿什本,593 ms
172.67.101.217,IAD,北美洲,阿什本,593 ms
104.20.118.195,IAD,北美洲,阿什本,593 ms
104.24.222.74,IAD,北美洲,阿什本,594 ms
104.23.102.166,IAD,北美洲,阿什本,594 ms
104.27.47.41,IAD,北美洲,阿什本,594 ms
104.20.171.109,IAD,北美洲,阿什本,594 ms
104.25.105.121,IAD,北美洲,阿什本,594 ms
104.24.185.102,IAD,北美洲,阿什本,594 ms
104.23.121.112,IAD,北美洲,阿什本,594 ms
104.25.200.230,IAD,北美洲,阿什本,594 ms
104.22.69.237,IAD,北美洲,阿什本,594 ms
104.22.78.133,IAD,北美洲,阿什本,594 ms
104.25.35.109,IAD,北美洲,阿什本,594 ms
104.24.24.50,IAD,北美洲,阿什本,594 ms
104.24.129.111,IAD,北美洲,阿什本,594 ms
104.20.25.239,IAD,北美洲,阿什本,594 ms
104.20.200.29,IAD,北美洲,阿什本,594 ms
104.27.86.90,IAD,北美洲,阿什本,594 ms
104.27.91.56,IAD,北美洲,阿什本,594 ms
104.25.174.34,IAD,北美洲,阿什本,595 ms
104.20.16.162,IAD,北美洲,阿什本,595 ms
104.24.69.238,IAD,北美洲,阿什本,595 ms
104.27.53.124,IAD,北美洲,阿什本,595 ms
104.24.34.116,IAD,北美洲,阿什本,595 ms
104.20.222.77,IAD,北美洲,阿什本,595 ms
104.25.47.214,IAD,北美洲,阿什本,595 ms
104.27.75.173,IAD,北美洲,阿什本,595 ms
104.26.14.191,IAD,北美洲,阿什本,595 ms
104.20.63.200,IAD,北美洲,阿什本,595 ms
104.20.177.57,IAD,北美洲,阿什本,595 ms
104.20.78.47,IAD,北美洲,阿什本,595 ms
104.20.207.75,IAD,北美洲,阿什本,596 ms
104.25.39.20,IAD,北美洲,阿什本,596 ms
172.67.126.16,IAD,北美洲,阿什本,596 ms
104.20.89.179,IAD,北美洲,阿什本,596 ms
104.25.111.67,IAD,北美洲,阿什本,596 ms
104.20.175.168,IAD,北美洲,阿什本,596 ms
104.24.182.20,IAD,北美洲,阿什本,596 ms
104.25.87.239,IAD,北美洲,阿什本,596 ms
104.27.106.109,IAD,北美洲,阿什本,596 ms
104.24.134.87,IAD,北美洲,阿什本,596 ms
104.20.240.175,IAD,北美洲,阿什本,596 ms
104.24.148.240,IAD,北美洲,阿什本,596 ms
104.20.178.16,IAD,北美洲,阿什本,596 ms
104.20.42.4,IAD,北美洲,阿什本,596 ms
104.24.20.214,IAD,北美洲,阿什本,597 ms
104.25.36.26,IAD,北美洲,阿什本,597 ms
104.22.7.227,IAD,北美洲,阿什本,597 ms
104.22.6.63,IAD,北美洲,阿什本,597 ms
104.27.37.33,IAD,北美洲,阿什本,597 ms
172.67.94.175,IAD,北美洲,阿什本,597 ms
104.24.12.9,IAD,北美洲,阿什本,597 ms
104.24.89.149,IAD,北美洲,阿什本,597 ms
104.25.26.9,IAD,北美洲,阿什本,597 ms
104.24.70.174,IAD,北美洲,阿什本,597 ms
104.22.64.223,IAD,北美洲,阿什本,597 ms
104.25.93.36,IAD,北美洲,阿什本,597 ms
104.25.74.216,IAD,北美洲,阿什本,598 ms
104.20.230.90,IAD,北美洲,阿什本,598 ms
104.25.2.105,IAD,北美洲,阿什本,598 ms
104.23.125.251,IAD,北美洲,阿什本,598 ms
104.20.165.116,IAD,北美洲,阿什本,598 ms
172.67.116.106,IAD,北美洲,阿什本,598 ms
104.24.7.217,IAD,北美洲,阿什本,598 ms
172.67.110.89,IAD,北美洲,阿什本,598 ms
104.20.60.64,IAD,北美洲,阿什本,598 ms
104.20.225.109,IAD,北美洲,阿什本,598 ms
104.20.179.150,IAD,北美洲,阿什本,598 ms
104.24.60.249,IAD,北美洲,阿什本,598 ms
104.27.33.29,IAD,北美洲,阿什本,598 ms
104.20.57.218,IAD,北美洲,阿什本,598 ms
104.24.135.104,IAD,北美洲,阿什本,598 ms
104.20.104.27,IAD,北美洲,阿什本,598 ms
104.20.9.109,IAD,北美洲,阿什本,598 ms
104.20.127.129,IAD,北美洲,阿什本,599 ms
104.25.131.10,IAD,北美洲,阿什本,599 ms
104.27.34.173,IAD,北美洲,阿什本,599 ms
104.27.32.33,IAD,北美洲,阿什本,599 ms
104.20.77.17,IAD,北美洲,阿什本,599 ms
104.25.104.242,IAD,北美洲,阿什本,599 ms
104.24.14.47,IAD,北美洲,阿什本,599 ms
104.24.83.133,IAD,北美洲,阿什本,599 ms
104.22.68.67,IAD,北美洲,阿什本,599 ms
104.25.158.190,IAD,北美洲,阿什本,599 ms
104.24.136.163,IAD,北美洲,阿什本,599 ms
172.67.115.37,IAD,北美洲,阿什本,599 ms
104.25.49.52,IAD,北美洲,阿什本,599 ms
104.20.206.64,IAD,北美洲,阿什本,600 ms
104.20.1.235,IAD,北美洲,阿什本,600 ms
104.25.116.227,IAD,北美洲,阿什本,600 ms
104.20.56.6,IAD,北美洲,阿什本,600 ms
104.24.162.115,IAD,北美洲,阿什本,600 ms
104.25.101.59,IAD,北美洲,阿什本,600 ms
104.25.14.142,IAD,北美洲,阿什本,600 ms
104.27.116.241,IAD,北美洲,阿什本,600 ms
104.20.88.78,IAD,北美洲,阿什本,600 ms
104.24.188.180,IAD,北美洲,阿什本,600 ms
104.20.219.143,IAD,北美洲,阿什本,601 ms
104.25.128.5,IAD,北美洲,阿什本,601 ms
104.24.142.24,IAD,北美洲,阿什本,601 ms
104.20.195.147,IAD,北美洲,阿什本,601 ms
104.20.248.139,IAD,北美洲,阿什本,601 ms
104.20.252.152,IAD,北美洲,阿什本,601 ms
104.25.209.254,IAD,北美洲,阿什本,601 ms
104.24.198.176,IAD,北美洲,阿什本,601 ms
104.20.113.226,IAD,北美洲,阿什本,601 ms
104.25.184.54,IAD,北美洲,阿什本,602 ms
104.20.36.156,IAD,北美洲,阿什本,602 ms
104.22.37.43,IAD,北美洲,阿什本,602 ms
104.25.168.56,IAD,北美洲,阿什本,602 ms
104.27.96.14,IAD,北美洲,阿什本,602 ms
172.67.63.235,IAD,北美洲,阿什本,602 ms
104.20.162.117,IAD,北美洲,阿什本,602 ms
104.23.126.135,IAD,北美洲,阿什本,602 ms
104.20.3.117,IAD,北美洲,阿什本,602 ms
104.24.49.220,IAD,北美洲,阿什本,602 ms
104.25.83.155,IAD,北美洲,阿什本,602 ms
104.24.133.192,IAD,北美洲,阿什本,602 ms
104.24.38.46,IAD,北美洲,阿什本,602 ms
104.24.44.99,IAD,北美洲,阿什本,602 ms
172.67.15.125,IAD,北美洲,阿什本,602 ms
104.22.74.109,IAD,北美洲,阿什本,602 ms
104.26.10.201,IAD,北美洲,阿什本,603 ms
104.24.36.110,IAD,北美洲,阿什本,603 ms
104.24.47.2,IAD,北美洲,阿什本,603 ms
104.22.0.2,IAD,北美洲,阿什本,603 ms
104.20.228.141,IAD,北美洲,阿什本,603 ms
104.20.12.97,IAD,北美洲,阿什本,603 ms
104.20.149.73,IAD,北美洲,阿什本,603 ms
172.67.72.58,IAD,北美洲,阿什本,603 ms
104.20.170.164,IAD,北美洲,阿什本,603 ms
104.24.218.71,IAD,北美洲,阿什本,603 ms
104.24.82.5,IAD,北美洲,阿什本,603 ms
104.25.82.140,IAD,北美洲,阿什本,603 ms
172.67.74.122,IAD,北美洲,阿什本,603 ms
104.25.239.166,IAD,北美洲,阿什本,603 ms
104.27.30.220,IAD,北美洲,阿什本,603 ms
104.20.68.219,IAD,北美洲,阿什本,604 ms
104.25.169.180,IAD,北美洲,阿什本,604 ms
172.67.78.252,IAD,北美洲,阿什本,604 ms
104.24.144.242,IAD,北美洲,阿什本,604 ms
104.20.43.191,IAD,北美洲,阿什本,604 ms
104.25.53.253,IAD,北美洲,阿什本,604 ms
104.24.175.86,IAD,北美洲,阿什本,604 ms
172.67.13.116,IAD,北美洲,阿什本,604 ms
172.67.11.74,IAD,北美洲,阿什本,604 ms
104.25.201.242,IAD,北美洲,阿什本,604 ms
104.25.162.30,IAD,北美洲,阿什本,604 ms
104.22.4.154,IAD,北美洲,阿什本,604 ms
104.25.106.150,IAD,北美洲,阿什本,604 ms
104.24.230.15,IAD,北美洲,阿什本,604 ms
104.25.51.136,IAD,北美洲,阿什本,604 ms
104.27.25.222,IAD,北美洲,阿什本,604 ms
104.25.5.23,IAD,北美洲,阿什本,604 ms
104.20.196.53,IAD,北美洲,阿什本,605 ms
104.20.110.193,IAD,北美洲,阿什本,605 ms
104.20.141.185,IAD,北美洲,阿什本,605 ms
104.25.153.186,IAD,北美洲,阿什本,605 ms
104.25.107.42,IAD,北美洲,阿什本,605 ms
104.24.155.178,IAD,北美洲,阿什本,605 ms
104.24.43.226,IAD,北美洲,阿什本,605 ms
104.23.123.159,IAD,北美洲,阿什本,605 ms
104.25.166.62,IAD,北美洲,阿什本,605 ms
172.65.173.60,IAD,北美洲,阿什本,605 ms
104.25.21.83,IAD,北美洲,阿什本,605 ms
104.24.21.128,IAD,北美洲,阿什本,605 ms
172.67.60.137,IAD,北美洲,阿什本,605 ms
104.25.154.111,IAD,北美洲,阿什本,605 ms
104.25.238.50,IAD,北美洲,阿什本,606 ms
104.25.237.36,IAD,北美洲,阿什本,606 ms
104.20.142.248,IAD,北美洲,阿什本,606 ms
104.25.57.223,IAD,北美洲,阿什本,606 ms
104.27.64.13,IAD,北美洲,阿什本,606 ms
104.25.84.184,IAD,北美洲,阿什本,606 ms
172.67.59.106,IAD,北美洲,阿什本,606 ms
104.27.59.30,IAD,北美洲,阿什本,606 ms
104.24.73.70,IAD,北美洲,阿什本,606 ms
172.67.64.208,IAD,北美洲,阿什本,606 ms
172.67.2.42,IAD,北美洲,阿什本,606 ms
104.25.78.252,IAD,北美洲,阿什本,606 ms
104.25.79.156,IAD,北美洲,阿什本,606 ms
104.24.181.152,IAD,北美洲,阿什本,607 ms
104.20.108.135,IAD,北美洲,阿什本,607 ms
104.25.115.127,IAD,北美洲,阿什本,607 ms
172.67.104.43,IAD,北美洲,阿什本,607 ms
104.22.33.245,IAD,北美洲,阿什本,607 ms
104.27.63.179,IAD,北美洲,阿什本,607 ms
104.25.88.127,IAD,北美洲,阿什本,607 ms
104.25.37.23,IAD,北美洲,阿什本,607 ms
104.20.120.117,IAD,北美洲,阿什本,607 ms
104.25.198.66,IAD,北美洲,阿什本,607 ms
104.25.140.116,IAD,北美洲,阿什本,607 ms
104.24.153.79,IAD,北美洲,阿什本,607 ms
104.25.203.251,IAD,北美洲,阿什本,607 ms
104.22.38.65,IAD,北美洲,阿什本,607 ms
104.27.44.41,IAD,北美洲,阿什本,608 ms
104.25.3.51,IAD,北美洲,阿什本,608 ms
104.20.23.250,IAD,北美洲,阿什本,608 ms
104.22.46.2,IAD,北美洲,阿什本,608 ms
104.20.28.225,IAD,北美洲,阿什本,608 ms
104.20.167.130,IAD,北美洲,阿什本,608 ms
104.25.23.1,IAD,北美洲,阿什本,608 ms
104.20.21.95,IAD,北美洲,阿什本,608 ms
104.25.147.77,IAD,北美洲,阿什本,608 ms
104.23.99.45,IAD,北美洲,阿什本,608 ms
104.20.203.239,IAD,北美洲,阿什本,608 ms
172.67.117.4,IAD,北美洲,阿什本,608 ms
104.22.41.135,IAD,北美洲,阿什本,609 ms
104.24.251.43,IAD,北美洲,阿什本,609 ms
104.25.255.234,IAD,北美洲,阿什本,609 ms
104.25.171.165,IAD,北美洲,阿什本,609 ms
104.23.110.87,IAD,北美洲,阿什本,609 ms
104.20.18.87,IAD,北美洲,阿什本,609 ms
104.24.39.142,IAD,北美洲,阿什本,609 ms
104.20.100.165,IAD,北美洲,阿什本,609 ms
104.25.81.82,IAD,北美洲,阿什本,609 ms
104.20.37.255,IAD,北美洲,阿什本,609 ms
172.67.100.17,IAD,北美洲,阿什本,609 ms
104.25.77.77,IAD,北美洲,阿什本,609 ms
104.27.100.120,IAD,北美洲,阿什本,609 ms
104.20.62.218,IAD,北美洲,阿什本,609 ms
104.20.220.39,IAD,北美洲,阿什本,610 ms
104.24.130.223,IAD,北美洲,阿什本,610 ms
104.24.147.74,IAD,北美洲,阿什本,610 ms
104.23.119.28,IAD,北美洲,阿什本,610 ms
104.25.118.238,IAD,北美洲,阿什本,610 ms
104.27.71.158,IAD,北美洲,阿什本,610 ms
104.25.126.110,IAD,北美洲,阿什本,610 ms
104.22.73.189,IAD,北美洲,阿什本,610 ms
172.67.54.88,IAD,北美洲,阿什本,610 ms
104.27.87.239,IAD,北美洲,阿什本,610 ms
104.24.231.123,IAD,北美洲,阿什本,610 ms
104.27.88.34,IAD,北美洲,阿什本,611 ms
104.23.118.116,IAD,北美洲,阿什本,611 ms
104.23.115.132,IAD,北美洲,阿什本,611 ms
104.27.50.181,IAD,北美洲,阿什本,611 ms
172.67.61.16,IAD,北美洲,阿什本,611 ms
104.23.111.241,IAD,北美洲,阿什本,612 ms
104.27.92.1,IAD,北美洲,阿什本,612 ms
104.24.249.201,IAD,北美洲,阿什本,612 ms
104.25.227.120,IAD,北美洲,阿什本,612 ms
104.27.125.248,IAD,北美洲,阿什本,612 ms
104.27.29.26,IAD,北美洲,阿什本,612 ms
104.24.13.46,IAD,北美洲,阿什本,612 ms
104.24.184.238,IAD,北美洲,阿什本,612 ms
104.24.183.119,IAD,北美洲,阿什本,612 ms
172.67.82.83,IAD,北美洲,阿什本,612 ms
104.25.139.225,IAD,北美洲,阿什本,612 ms
104.25.196.148,IAD,北美洲,阿什本,613 ms
104.20.217.94,IAD,北美洲,阿什本,613 ms
104.24.227.148,IAD,北美洲,阿什本,613 ms
104.20.76.25,IAD,北美洲,阿什本,613 ms
172.67.99.157,IAD,北美洲,阿什本,613 ms
104.26.1.243,IAD,北美洲,阿什本,613 ms
104.24.164.36,IAD,北美洲,阿什本,613 ms
104.27.78.48,IAD,北美洲,阿什本,613 ms
172.67.10.176,IAD,北美洲,阿什本,613 ms
104.20.145.80,IAD,北美洲,阿什本,613 ms
104.27.62.254,IAD,北美洲,阿什本,613 ms
104.25.66.76,IAD,北美洲,阿什本,613 ms
104.25.191.165,IAD,北美洲,阿什本,613 ms
104.25.91.224,IAD,北美洲,阿什本,613 ms
104.25.231.147,IAD,北美洲,阿什本,613 ms
104.20.44.44,IAD,北美洲,阿什本,613 ms
104.24.131.229,IAD,北美洲,阿什本,613 ms
104.25.25.232,IAD,北美洲,阿什本,613 ms
104.27.77.36,IAD,北美洲,阿什本,614 ms
104.20.255.174,IAD,北美洲,阿什本,614 ms
104.20.223.17,IAD,北美洲,阿什本,614 ms
104.27.3.197,IAD,北美洲,阿什本,614 ms
104.27.1.225,IAD,北美洲,阿什本,614 ms
172.67.102.86,IAD,北美洲,阿什本,614 ms
104.20.116.188,IAD,北美洲,阿什本,614 ms
104.20.241.57,IAD,北美洲,阿什本,614 ms
104.25.119.143,IAD,北美洲,阿什本,614 ms
104.27.0.110,IAD,北美洲,阿什本,615 ms
104.20.215.82,IAD,北美洲,阿什本,615 ms
104.20.216.241,IAD,北美洲,阿什本,615 ms
104.20.242.247,IAD,北美洲,阿什本,615 ms
104.23.106.3,IAD,北美洲,阿什本,615 ms
104.20.71.94,IAD,北美洲,阿什本,615 ms
104.25.207.56,IAD,北美洲,阿什本,615 ms
104.27.115.150,IAD,北美洲,阿什本,615 ms
104.22.43.123,IAD,北美洲,阿什本,615 ms
104.24.93.90,IAD,北美洲,阿什本,616 ms
104.25.229.155,IAD,北美洲,阿什本,616 ms
104.24.51.82,IAD,北美洲,阿什本,616 ms
104.20.31.207,IAD,北美洲,阿什本,616 ms
104.22.3.85,IAD,北美洲,阿什本,616 ms
104.27.123.0,IAD,北美洲,阿什本,616 ms
104.25.99.178,IAD,北美洲,阿什本,616 ms
104.25.133.71,IAD,北美洲,阿什本,616 ms
104.22.11.45,IAD,北美洲,阿什本,616 ms
104.25.245.134,IAD,北美洲,阿什本,617 ms
104.24.37.199,IAD,北美洲,阿什本,617 ms
104.24.71.43,IAD,北美洲,阿什本,617 ms
104.22.40.244,IAD,北美洲,阿什本,617 ms
104.24.154.40,IAD,北美洲,阿什本,617 ms
104.25.197.86,IAD,北美洲,阿什本,617 ms
104.27.28.231,IAD,北美洲,阿什本,617 ms
104.25.143.205,IAD,北美洲,阿什本,617 ms
104.25.90.67,IAD,北美洲,阿什本,617 ms
104.25.60.13,IAD,北美洲,阿什本,617 ms
104.24.229.161,IAD,北美洲,阿什本,617 ms
104.25.124.126,IAD,北美洲,阿什本,618 ms
104.20.163.53,IAD,北美洲,阿什本,618 ms
104.20.254.162,IAD,北美洲,阿什本,618 ms
104.27.74.20,IAD,北美洲,阿什本,618 ms
104.25.56.70,IAD,北美洲,阿什本,618 ms
104.24.204.95,IAD,北美洲,阿什本,618 ms
104.22.15.32,IAD,北美洲,阿什本,618 ms
104.25.85.26,IAD,北美洲,阿什本,618 ms
172.67.3.110,IAD,北美洲,阿什本,618 ms
104.24.165.105,IAD,北美洲,阿什本,618 ms
104.24.191.123,IAD,北美洲,阿什本,618 ms
172.67.79.226,IAD,北美洲,阿什本,618 ms
104.20.107.76,IAD,北美洲,阿什本,618 ms
104.25.181.105,IAD,北美洲,阿什本,619 ms
104.27.14.30,IAD,北美洲,阿什本,619 ms
104.24.17.9,IAD,北美洲,阿什本,619 ms
104.24.245.77,IAD,北美洲,阿什本,619 ms
104.24.95.160,IAD,北美洲,阿什本,619 ms
104.24.235.99,IAD,北美洲,阿什本,619 ms
172.67.69.184,IAD,北美洲,阿什本,619 ms
104.25.9.127,IAD,北美洲,阿什本,619 ms
104.27.117.164,IAD,北美洲,阿什本,619 ms
104.25.41.186,IAD,北美洲,阿什本,619 ms
104.25.68.195,IAD,北美洲,阿什本,619 ms
104.20.50.160,IAD,北美洲,阿什本,619 ms
104.24.94.162,IAD,北美洲,阿什本,619 ms
104.20.238.236,IAD,北美洲,阿什本,620 ms
104.25.161.7,IAD,北美洲,阿什本,620 ms
104.25.210.100,IAD,北美洲,阿什本,620 ms
104.25.212.247,IAD,北美洲,阿什本,620 ms
104.27.24.171,IAD,北美洲,阿什本,620 ms
104.24.57.153,IAD,北美洲,阿什本,620 ms
104.27.22.9,IAD,北美洲,阿什本,620 ms
104.27.21.222,IAD,北美洲,阿什本,620 ms
104.25.136.4,IAD,北美洲,阿什本,621 ms
104.20.121.35,IAD,北美洲,阿什本,621 ms
104.20.82.98,IAD,北美洲,阿什本,621 ms
104.25.135.71,IAD,北美洲,阿什本,621 ms
172.67.62.252,IAD,北美洲,阿什本,621 ms
104.24.193.223,IAD,北美洲,阿什本,621 ms
104.22.65.58,IAD,北美洲,阿什本,622 ms
104.20.8.213,IAD,北美洲,阿什本,622 ms
104.20.150.131,IAD,北美洲,阿什本,622 ms
104.22.66.107,IAD,北美洲,阿什本,622 ms
104.26.3.219,IAD,北美洲,阿什本,622 ms
104.20.187.123,IAD,北美洲,阿什本,622 ms
104.24.149.49,IAD,北美洲,阿什本,622 ms
104.27.11.176,IAD,北美洲,阿什本,623 ms
104.25.73.65,IAD,北美洲,阿什本,623 ms
104.25.19.134,IAD,北美洲,阿什本,623 ms
104.24.152.21,IAD,北美洲,阿什本,623 ms
104.20.184.217,IAD,北美洲,阿什本,623 ms
104.20.147.207,IAD,北美洲,阿什本,624 ms
104.22.77.168,IAD,北美洲,阿什本,624 ms
104.24.41.100,IAD,北美洲,阿什本,624 ms
104.20.126.34,IAD,北美洲,阿什本,624 ms
172.67.111.66,IAD,北美洲,阿什本,625 ms
104.24.76.218,IAD,北美洲,阿什本,625 ms
104.23.100.215,IAD,北美洲,阿什本,625 ms
104.24.167.89,IAD,北美洲,阿什本,625 ms
104.25.232.197,IAD,北美洲,阿什本,625 ms
104.27.84.136,IAD,北美洲,阿什本,625 ms
172.67.48.40,IAD,北美洲,阿什本,625 ms
104.27.52.70,IAD,北美洲,阿什本,625 ms
104.20.65.191,IAD,北美洲,阿什本,626 ms
104.25.253.200,IAD,北美洲,阿什本,626 ms
172.67.106.86,IAD,北美洲,阿什本,626 ms
104.20.125.131,IAD,北美洲,阿什本,626 ms
104.25.113.229,IAD,北美洲,阿什本,627 ms
104.27.46.138,IAD,北美洲,阿什本,627 ms
104.20.17.155,IAD,北美洲,阿什本,627 ms
104.24.50.110,IAD,北美洲,阿什本,627 ms
172.67.97.238,IAD,北美洲,阿什本,628 ms
104.25.235.163,IAD,北美洲,阿什本,628 ms
104.20.92.190,IAD,北美洲,阿什本,628 ms
104.25.100.137,IAD,北美洲,阿什本,629 ms
172.67.56.170,IAD,北美洲,阿什本,629 ms
104.24.216.0,IAD,北美洲,阿什本,629 ms
172.67.96.74,IAD,北美洲,阿什本,629 ms
104.22.44.191,IAD,北美洲,阿什本,630 ms
104.26.15.66,IAD,北美洲,阿什本,630 ms
104.20.38.47,IAD,北美洲,阿什本,630 ms
104.27.69.242,IAD,北美洲,阿什本,631 ms
104.27.70.56,IAD,北美洲,阿什本,631 ms
104.27.111.125,IAD,北美洲,阿什本,631 ms
104.25.0.16,IAD,北美洲,阿什本,631 ms
104.24.67.68,IAD,北美洲,阿什本,631 ms
104.24.233.0,IAD,北美洲,阿什本,631 ms
104.24.58.178,IAD,北美洲,阿什本,632 ms
172.67.124.187,IAD,北美洲,阿什本,632 ms
104.25.252.72,IAD,北美洲,阿什本,634 ms
172.67.119.82,IAD,北美洲,阿什本,634 ms
104.25.44.22,IAD,北美洲,阿什本,635 ms
104.24.200.252,IAD,北美洲,阿什本,635 ms
104.27.43.172,IAD,北美洲,阿什本,635 ms
104.27.19.178,IAD,北美洲,阿什本,636 ms
104.24.35.197,IAD,北美洲,阿什本,637 ms
104.27.10.128,IAD,北美洲,阿什本,637 ms
104.25.218.143,IAD,北美洲,阿什本,638 ms
104.26.4.202,IAD,北美洲,阿什本,638 ms
104.26.13.97,IAD,北美洲,阿什本,639 ms
104.25.15.246,IAD,北美洲,阿什本,642 ms
104.25.72.131,IAD,北美洲,阿什本,643 ms
104.25.110.183,IAD,北美洲,阿什本,643 ms
104.22.13.161,IAD,北美洲,阿什本,645 ms
104.24.246.182,IAD,北美洲,阿什本,648 ms
104.25.43.17,IAD,北美洲,阿什本,649 ms
104.25.151.40,IAD,北美洲,阿什本,653 ms
104.24.84.58,IAD,北美洲,阿什本,656 ms
104.25.192.57,IAD,北美洲,阿什本,659 ms
